,NoDur,Durbl,Manuf,Enrgy,HiTec,Telcm,Shops,Hlth ,Utils,Other
192607,0.0145,0.1555,0.0469,-0.0118,0.029,0.0083,0.0011,0.0177,0.0704,0.0213
192608,0.0397,0.0368,0.0281,0.0347,0.0266,0.0217,-0.0071,0.0425,-0.0169,0.0435
192609,0.0114,0.048,0.0115,-0.0339,-0.0038,0.0241,0.0021,0.0069,0.0204,0.0029
192610,-0.0124,-0.0823,-0.0363,-0.0078,-0.0458,-0.0011,-0.0229,-0.0057,-0.0263,-0.0284
192611,0.052,-0.0019,0.041,0.0001,0.0471,0.0163,0.0643,0.0542,0.0371,0.0211
192612,0.0082,0.0989,0.0374,0.0282,-0.0002,0.0199,0.0062,0.0011,-0.0017,0.0347
192701,-0.0067,-0.0092,-0.0008,0.0129,-0.0113,0.0188,-0.0255,0.0505,-0.0179,0.015
192702,0.0337,0.0891,0.0581,0.0147,0.0445,0.0397,0.0361,0.0171,0.0453,0.0505
192703,0.0273,0.0162,0.0143,-0.0601,0.0145,0.0556,-0.0041,0.0101,0.0037,0.0122
192704,0.0335,0.0315,0.0077,-0.0517,0.054,-0.0213,0.0443,0.0274,0.0171,0.0083
192705,0.0814,0.0593,0.0507,0.0482,0.0737,0.0335,0.0234,0.0412,0.0921,0.0654
192706,-0.0179,-0.03,-0.0277,-0.0316,0.0328,-0.0214,-0.0062,0.0054,-0.0357,-0.0215
192707,0.0481,0.1309,0.1207,0.0285,0.1216,0.0373,0.0984,0.0984,0.0531,0.0604
192708,0.0276,0.0698,0.0289,-0.0004,0.0571,0.0043,0.0734,0.0028,0.0343,-0.0103
192709,0.0524,0.0567,0.0476,0.0332,0.0121,0.0653,0.075,0.0565,0.0829,0.0459
192710,-0.008,-0.0438,-0.0669,-0.0204,-0.0723,-0.0209,-0.0493,0.0513,-0.0434,-0.0382
192711,0.0681,0.0639,0.1084,0.0416,0.108,0.0283,0.1167,0.0368,0.0632,0.045
192712,0.0246,0.0777,0.0308,0.0089,0.0122,0.0133,-0.0068,-0.0046,0.0224,0.0196
192801,0.0052,-0.0334,-0.0058,-0.0186,-0.0039,0.003,-0.0088,0.0269,0.0587,-0.0101
192802,-0.0417,0.0126,-0.0188,-0.0022,-0.0046,-0.003,-0.0112,-0.0138,-0.0068,-0.0202
192803,0.0439,0.2749,0.0819,0.0532,0.1942,0.0196,0.0849,0.1054,0.0662,0.0604
192804,-0.0046,0.0146,0.015,0.1512,0.0223,0.0322,0,0.0235,0.1094,0.0431
192805,0.0088,0.0565,0.0353,-0.0529,0.023,0.0661,0.0379,0.0927,0.0151,0
192806,-0.0442,-0.0408,-0.0493,-0.0407,-0.0503,-0.0522,-0.034,-0.0315,-0.0343,-0.0429
192807,0.0168,0.0094,0.0199,0.0105,0.0065,-0.0128,0.0544,0.0239,-0.0124,-0.0035
192808,0.0611,0.0904,0.0867,0.0241,0.0975,0.0455,0.1353,0.1457,0.0646,0.0475
192809,0.0114,0.0788,0.0417,0.0534,0.0066,0.0015,0.0017,-0.0114,0.0376,0.0101
192810,0.009,0.0008,0.0433,0.0204,0.0185,0.0297,0.059,0.0005,-0.0189,-0.0043
192811,0.0662,0.0451,0.1308,0.1723,0.1956,0.0668,0.1529,0.0505,0.2193,0.0996
192812,-0.0052,-0.0122,0.0309,-0.0436,0.0713,-0.0038,-0.0132,-0.0041,0.0157,0.004
192901,0.0338,0.013,0.11,-0.0759,0.1046,0.1338,-0.0388,0.0343,0.1317,0.0556
192902,-0.0262,-0.0003,0.0342,-0.001,-0.0071,-0.0115,-0.0241,0.0005,-0.0199,0.0002
192903,-0.0463,-0.0188,-0.0183,0.1103,0.045,0.0429,-0.0513,-0.015,-0.0317,-0.0217
192904,0.018,-0.0098,0.0229,0.0074,0.0178,0.0339,0.0375,0.0148,0.0513,0.0046
192905,-0.0394,-0.1505,-0.0978,-0.0557,0.0033,-0.0877,-0.0865,-0.0784,0.048,-0.0001
192906,0.0536,0.0701,0.1351,0.0114,0.1718,0.137,0.0947,0.0452,0.2347,0.0575
192907,0.0323,-0.0295,0.0409,0.0016,0.0924,0.1368,0.0104,0.0259,0.0914,0.0657
192908,0.0477,0.03,0.0943,0.1136,0.1254,0.1098,0.0779,0.0309,0.0905,0.0773
192909,-0.036,-0.0835,-0.0717,-0.0295,-0.0756,-0.0137,-0.0547,-0.0702,0.0132,-0.064
192910,-0.1064,-0.2894,-0.1961,-0.1007,-0.2773,-0.1539,-0.2397,-0.1802,-0.3004,-0.1176
192911,-0.0844,-0.1731,-0.1413,-0.0642,-0.1924,-0.0947,-0.1234,-0.079,-0.1464,-0.0957
192912,0.0064,0.049,0.015,-0.0118,0.1078,0.0101,-0.0603,0.0111,0.0794,-0.0049
193001,0.057,0.0595,0.069,-0.0076,0.1061,0.012,0.0469,0.0255,0.0725,0.0489
193002,0.0215,0.0244,0.0214,-0.0449,0.0775,0.0706,-0.0513,0.0315,0.0857,0.0325
193003,0.0211,0.1137,0.0688,0.1794,0.0812,0.0879,-0.0244,0.0599,0.0972,0.0484
193004,0.0054,-0.0781,-0.0742,0.0655,0.0197,-0.0452,0.0263,-0.0127,0.0334,-0.0644
193005,0.0136,0.0412,-0.0174,-0.0373,-0.044,0.004,-0.0017,-0.0149,-0.0133,-0.0096
193006,-0.1104,-0.2227,-0.1641,-0.1547,-0.1974,-0.0834,-0.1626,-0.1334,-0.1906,-0.117
193007,0.0314,0.121,0.0475,0.0518,0.0407,0.0127,0.027,0.0652,0.0406,0.0344
193008,0.0198,-0.0189,-0.0006,-0.032,0.0221,0.0174,0.0496,0.0771,0.0118,-0.0038
193009,-0.0896,-0.1673,-0.137,-0.1546,-0.1824,-0.0527,-0.1091,-0.087,-0.1192,-0.1051
193010,-0.0485,-0.1164,-0.0991,-0.0837,-0.1735,-0.0412,-0.0861,-0.0437,-0.0828,-0.0843
193011,0.0018,0.0537,-0.0042,-0.0372,-0.0326,-0.0327,0.0274,-0.0323,-0.0874,-0.0517
193012,-0.0459,-0.0126,-0.0821,-0.1232,-0.1076,-0.038,-0.1344,-0.0679,-0.0369,-0.088
193101,0.054,0.0802,0.0347,0.0531,0.0524,0.0479,0.0719,0.0823,0.0553,0.1189
193102,0.0681,0.1737,0.1285,0.0577,0.2238,0.0595,0.1479,0.0781,0.1527,0.0547
193103,-0.0169,-0.0381,-0.0677,-0.1426,-0.0776,-0.0358,-0.0327,0.018,-0.0294,-0.094
193104,-0.0529,-0.0787,-0.1415,-0.1345,-0.1304,-0.0425,-0.0484,-0.0362,-0.0904,-0.0989
193105,-0.1101,-0.1608,-0.1642,-0.1254,-0.1292,-0.0894,-0.0327,-0.1026,-0.1115,-0.1739
193106,0.1073,0.1463,0.1738,0.1757,0.1869,0.1021,0.0786,0.0969,0.11,0.1622
193107,-0.0381,-0.021,-0.1023,-0.0363,-0.1038,-0.0487,-0.0153,0.0261,-0.0539,-0.0986
193108,-0.0065,-0.0278,-0.0015,0.0948,0.0371,0.0082,0.0302,0.0039,-0.0174,-0.0398
193109,-0.2469,-0.348,-0.2982,-0.2984,-0.3387,-0.2156,-0.3024,-0.2945,-0.3305,-0.265
193110,0.0689,0.1296,0.0618,0.1402,0.113,0.0434,0.1397,0.1126,0.1048,0.019
193111,-0.0435,-0.0349,-0.0831,-0.0869,-0.1416,-0.0686,-0.094,-0.0279,-0.0477,-0.1917
193112,-0.0951,-0.0878,-0.1533,-0.1891,-0.1354,-0.0794,-0.1517,-0.041,-0.1324,-0.1653
193201,0.0206,-0.069,-0.005,-0.0486,-0.1142,-0.0404,0.0079,-0.0266,-0.0252,0.0679
193202,0.0537,0.0209,0.0596,0.0875,0.0628,0.1163,0.0411,0.0205,0.0704,-0.0028
193203,-0.0598,-0.2218,-0.1436,-0.011,-0.1441,-0.099,-0.0927,-0.0641,-0.0957,-0.1596
193204,-0.1135,-0.2953,-0.2295,-0.1394,-0.2417,-0.1239,-0.1571,-0.1977,-0.155,-0.2236
193205,-0.2122,-0.1859,-0.1819,-0.0556,-0.286,-0.1081,-0.2928,-0.3408,-0.2682,-0.3002
193206,0.0116,-0.0782,-0.0252,0.0594,0.0699,-0.0955,-0.0059,0.1105,0.0145,-0.02
193207,0.247,0.4495,0.4174,0.3513,0.442,0.167,0.2711,0.2918,0.2935,0.5585
193208,0.2271,0.4525,0.4641,0.1949,0.4564,0.2817,0.3291,0.3587,0.4346,0.5867
193209,-0.0086,0.085,-0.0245,-0.1016,-0.056,0.0024,0.0306,-0.1192,-0.0465,-0.0415
193210,-0.1141,-0.2475,-0.1583,-0.0379,-0.1904,-0.0813,-0.1268,-0.1856,-0.1082,-0.1799
193211,-0.071,-0.0271,-0.103,-0.0453,-0.0825,-0.0112,-0.0561,0.0553,-0.036,-0.069
193212,0.0381,0.0447,0.0325,0.0005,0.0753,0.0367,0.05,0.0682,0.0912,0.0488
193301,0.0466,0.0083,0.0342,-0.0301,0.0143,0.0031,-0.024,-0.0113,-0.0438,0.0853
193302,-0.0906,-0.2448,-0.1753,-0.139,-0.2009,-0.0777,-0.1796,-0.1082,-0.1985,-0.1641
193303,0.1037,0.0923,0.1126,0.0439,0.0623,-0.0585,0.0853,-0.0316,-0.1279,0.0377
193304,0.3417,0.7979,0.572,0.3899,0.5349,0.1322,0.4245,0.3713,0.2536,0.308
193305,0.1271,0.2605,0.2603,0.1771,0.1982,0.1737,0.1706,0.2349,0.1929,0.3154
193306,0.1034,0.2075,0.1239,0.125,0.1082,0.105,0.1626,0.1039,0.1558,0.145
193307,-0.0661,-0.0705,-0.1136,-0.1205,-0.1107,-0.0436,-0.1346,-0.1911,-0.1358,-0.0662
193308,0.0986,0.2076,0.1621,0.1907,0.1289,0.0453,0.0715,-0.0038,-0.0123,0.1459
193309,-0.0745,-0.1532,-0.1009,-0.0269,-0.1714,-0.0356,-0.0874,-0.0131,-0.1974,-0.1639
193310,-0.0912,-0.1006,-0.0802,-0.0485,-0.0973,-0.0718,-0.0783,-0.0602,-0.075,-0.1091
193311,0.0521,0.2538,0.1273,0.1469,0.1283,0.0563,0.1445,0.094,-0.0239,0.0535
193312,-0.0339,0.1045,0.0461,-0.012,0.0149,-0.0375,0.0457,-0.1173,0.0105,0.047
193401,0.1002,0.132,0.1109,0.0872,0.1608,0.0597,0.173,0.1677,0.2052,0.1858
193402,-0.0498,-0.0206,-0.0316,-0.0338,-0.0631,0.0212,0.0303,-0.0359,-0.0169,-0.0188
193403,0.0117,-0.003,-0.0125,-0.0133,0.0318,0.0127,0.024,-0.0064,-0.018,0.0082
193404,0.031,-0.0685,-0.0275,-0.0199,-0.0233,-0.0125,-0.0121,0.08,-0.0375,-0.016
193405,-0.03,-0.1282,-0.1006,-0.0463,-0.066,-0.043,-0.0792,-0.0038,-0.0773,-0.0736
193406,0.0385,-0.0275,0.0425,0.012,0.0279,0.0132,0.0243,0.0204,0.0426,0.0312
193407,-0.0512,-0.1383,-0.1156,-0.0973,-0.1189,-0.0434,-0.0835,-0.0189,-0.1724,-0.1737
193408,0.0422,0.1087,0.0752,0.0612,0.0659,0.0256,0.0472,-0.0305,0.0204,0.0441
193409,0.0024,0.0068,-0.0113,-0.0232,-0.0032,0.019,0.0255,0.008,0.0161,-0.0037
193410,0.0061,-0.0208,-0.0046,-0.0469,-0.0093,-0.0156,0.0168,-0.0071,-0.0761,-0.0222
193411,0.085,0.1761,0.1263,0.0703,0.1352,-0.0173,0.0961,0.0407,-0.0025,0.0564
193412,-0.0094,0.0356,0.0221,0.0068,0.0366,-0.0059,-0.0104,0.0062,-0.0866,-0.0019
193501,-0.014,-0.0903,-0.0239,-0.0437,0.0113,-0.0046,-0.0527,-0.0086,-0.0316,-0.0672
193502,0.0161,-0.0327,-0.018,-0.0335,0.0019,0.0104,-0.0062,0.0425,-0.1216,-0.047
193503,-0.0463,-0.0582,-0.0479,-0.0382,-0.0414,-0.0072,-0.0433,-0.0314,0.1234,-0.0534
193504,0.0573,0.0573,0.0896,0.1548,0.1024,0.0913,0.0647,0.0318,0.1114,0.0875
193505,0.0109,0.0296,0.0186,0.0351,0.0265,0.0838,0.0253,-0.0402,0.1376,0.0388
193506,0.0551,0.0978,0.0651,0.0151,0.0834,0.0535,0.0628,0.0409,0.0911,0.0633
193507,0.0314,0.1908,0.1078,0.0013,0.096,0.0574,0.0751,0.0319,0.0922,0.0726
193508,-0.0156,0.0901,0.0325,-0.0189,0.0321,0.0407,0.0309,0.0029,0.0721,0.0341
193509,0.0169,0.1109,0.0422,-0.0333,0.0775,0.0428,-0.0057,0.0111,-0.0203,0.0062
193510,0.0448,0.1363,0.0585,0.1352,0.088,0.0311,0.0122,0.0597,0.1413,0.0242
193511,0.011,0.0349,0.0458,0.0278,0.0582,0.0972,0.0292,0.0174,0.0082,0.1323
193512,0.0208,0.058,0.0369,0.1409,0.0351,-0.0016,-0.0102,0.0235,0.0562,0.0429
193601,0.0324,0.0389,0.0561,0.1406,0.0649,0.0417,-0.0281,0.0346,0.1253,0.1217
193602,0.0061,0.0374,0.0556,0.0126,0.0034,0.0657,0.0099,0.0345,-0.0659,0.0281
193603,-0.0208,0.1019,0.0243,0.0175,-0.0005,-0.0337,0.0114,0.0352,0.0064,-0.0294
193604,-0.0445,-0.1015,-0.0894,-0.1028,-0.0863,-0.0566,-0.0524,-0.0919,-0.0834,-0.0741
193605,0.0496,0.0406,0.062,-0.0057,0.0522,0.0646,0.067,0.048,0.0952,0.074
193606,0.0232,0.0686,0.0129,0.0173,0.013,0.0243,0.0529,0.0129,0.0362,0.0175
193607,0.0297,0.0491,0.0769,0.0474,0.1205,0.0244,0.0621,0.0465,0.1159,0.0964
193608,0.0084,-0.0028,0.0165,-0.0067,0.0241,0.0176,0.0249,-0.0148,-0.0103,0.0185
193609,-0.0066,0.0326,0.0207,0.0139,-0.0125,0.0033,0.0294,0.0077,-0.0205,0.009
193610,0.0337,0.0508,0.0773,0.1248,0.0575,0.0509,0.1122,0.0378,0.0572,0.081
193611,0.0453,-0.0137,0.0544,0.0148,0.055,0.0387,0.11,0.034,-0.0286,0.0048
193612,-0.0142,-0.0724,0.0193,0.0924,0.0263,-0.004,-0.0814,-0.0204,-0.0163,-0.0118
193701,0.0245,0.0727,0.046,0.0241,0.0862,-0.0085,0.0007,0.0347,0.0261,0.0104
193702,0.0089,-0.005,0.0266,0.0149,-0.0132,-0.0306,0.0306,-0.0372,-0.0419,0.0478
193703,-0.0101,-0.0413,0.0135,0.0339,-0.0449,-0.0209,-0.0273,-0.0503,-0.0632,0.027
193704,-0.0638,-0.079,-0.0916,-0.053,-0.0762,-0.0525,-0.0724,-0.0332,-0.0747,-0.0683
193705,-0.0044,-0.0197,0.01,-0.0024,0.008,0.0153,-0.0454,0.0168,-0.0527,-0.0334
193706,-0.0324,-0.1077,-0.0361,-0.0266,-0.0146,0.0139,-0.0159,-0.0412,-0.0526,-0.0895
193707,0.0507,0.1323,0.0921,0.0842,0.0955,0.0327,0.1033,0.0414,0.1932,0.0874
193708,-0.0247,-0.0227,-0.0443,-0.0657,-0.0476,-0.0254,-0.0427,0.0109,-0.1018,-0.0834
193709,-0.0912,-0.1267,-0.1745,-0.1321,-0.1412,-0.021,-0.141,-0.1076,-0.1175,-0.1593
193710,-0.0706,-0.1288,-0.1387,-0.0695,-0.0719,-0.0536,-0.0704,-0.0355,-0.0488,-0.1012
193711,-0.0586,-0.1524,-0.0932,-0.1148,-0.0459,-0.0359,-0.1436,-0.0512,0.029,-0.0687
193712,-0.0227,-0.1627,-0.0242,-0.0125,-0.022,-0.0154,-0.0655,-0.0241,-0.1069,-0.0663
193801,0.0296,0.1105,-0.0124,0.0051,-0.0247,-0.0243,0.0592,0.0352,-0.057,0.0049
193802,0.0346,0.0347,0.0867,0.0942,0.0434,-0.0232,0.095,0.0861,0.0364,0.0488
193803,-0.1579,-0.2735,-0.2572,-0.252,-0.2772,-0.1744,-0.2219,-0.1444,-0.1961,-0.2977
193804,0.1227,0.1485,0.1388,0.1592,0.1676,0.1347,0.1618,0.1182,0.1478,0.1454
193805,-0.0023,-0.0692,-0.0689,-0.0582,-0.0299,0.0083,-0.0386,0.0171,0.0221,-0.0396
193806,0.132,0.3601,0.3289,0.2198,0.273,0.1242,0.2403,0.1007,0.169,0.2487
193807,0.0661,0.1989,0.068,0.0738,0.0585,0.0128,0.0906,0.058,0.0068,0.1001
193808,-0.0402,0.0597,-0.0192,-0.0882,-0.0119,0.0028,-0.024,0.0036,-0.0553,-0.0372
193809,0.0051,0.0069,0.0167,0.0082,0.016,0.0085,0.0006,-0.0001,0.0123,-0.0125
193810,0.0515,0.0649,0.1061,-0.0156,0.1008,0.0356,0.0804,0.0563,0.2109,0.1111
193811,-0.0249,-0.012,-0.0145,-0.0011,-0.0434,0.0065,-0.0037,0.0144,-0.0701,-0.0201
193812,0.0276,0.0212,0.0559,0.0486,0.0308,0.0257,0.0103,0.0085,0.0395,0.0634
193901,-0.0192,-0.0833,-0.0932,-0.0629,-0.075,0.0181,-0.0314,-0.0096,0.0121,-0.0866
193902,0.0246,0.0706,0.03,-0.0118,0.0276,0.0353,0.062,0.0372,0.0878,0.0469
193903,-0.0575,-0.1763,-0.1557,-0.0831,-0.1499,-0.0221,-0.0959,-0.0433,-0.1363,-0.1498
193904,0.0062,0.0072,-0.0132,-0.0106,-0.0271,0.0275,-0.0013,0.01,0.0303,-0.0181
193905,0.0547,0.0789,0.0762,0.0255,0.0828,0.0556,0.1138,0.0549,0.0661,0.0804
193906,-0.0204,-0.0678,-0.0638,-0.0612,-0.08,-0.0379,-0.027,0.011,-0.0355,-0.0764
193907,0.0622,0.1758,0.129,0.0303,0.1404,0.0651,0.0871,0.0308,0.1271,0.1157
193908,-0.0736,-0.0694,-0.0679,-0.0391,-0.0809,-0.0419,-0.0733,-0.0543,-0.0601,-0.0999
193909,0.0479,0.2372,0.27,0.2556,0.1226,0.0237,0.0159,0.0707,0.036,0.2574
193910,0.0326,-0.014,-0.0256,-0.0393,-0.0089,0.0305,0.0577,0.0021,0.0211,-0.016
193911,-0.0047,-0.0292,-0.0599,-0.0614,-0.0259,0.0097,-0.0231,0.0122,-0.0149,-0.0507
193912,0.0317,0.0388,0.0397,-0.0008,0.0361,0.0287,0.0303,0.0377,0.0295,0.024
194001,0.0169,-0.0383,-0.0463,-0.0219,-0.042,-0.0012,-0.0095,-0.0179,-0.0005,-0.0268
194002,0.0094,0.0208,0.027,0.0097,-0.0058,0.0104,0.0251,0.0148,-0.0124,0.0088
194003,0.0165,0.0378,0.0154,0.0172,0.0305,0.0116,0.0308,0.019,0.0174,0.0263
194004,0.0175,-0.0054,0.0076,0.0018,-0.0149,0.0033,-0.0013,-0.0031,-0.0135,-0.0076
194005,-0.2091,-0.2604,-0.2221,-0.2447,-0.2077,-0.1413,-0.2441,-0.2121,-0.1994,-0.2404
194006,0.0538,0.0868,0.042,0.0567,0.0301,0.0872,0.0901,0.0491,0.1743,0.0859
194007,-0.0002,0.0592,0.0433,0.0319,0.05,0.0197,0.0439,-0.0052,0.0008,0.0339
194008,0.0134,0.0739,0.0249,0.0142,0.0331,-0.0036,0.029,-0.0229,-0.0104,0.0289
194009,0.0253,0.0317,0.0414,-0.0226,0.0422,0.0166,0.0332,0.0461,-0.0219,0.0248
194010,-0.0141,0.0394,0.041,0.063,0.0243,0.0161,0.0008,-0.03,0.0382,0.0531
194011,-0.0099,-0.0063,-0.0148,0.0087,-0.0281,0.0061,-0.0215,-0.0182,-0.1306,-0.0012
194012,0.0055,-0.0329,0.0119,0.0231,-0.0009,0.0204,0.0043,-0.0023,0.0176,0.0024
194101,-0.0051,-0.0922,-0.0709,-0.0214,-0.0256,-0.021,-0.0363,-0.0219,-0.0216,-0.016
194102,-0.0249,0.0127,-0.0204,-0.0069,-0.0034,-0.0223,-0.0253,-0.0469,-0.012,-0.0031
194103,0.0056,-0.017,0.0077,0.0374,0.0034,0.0178,0.0121,0.0177,-0.0333,0.018
194104,-0.0413,-0.1057,-0.0569,0.014,-0.0883,-0.0635,-0.0522,-0.0522,-0.0961,-0.0444
194105,-0.014,0.0041,0.0366,0.0546,-0.0042,0.004,0.0227,-0.0145,-0.0443,-0.0092
194106,0.0628,0.039,0.0648,0.0522,0.1076,0.0504,0.051,0.0672,0.0394,0.045
194107,0.0553,0.0397,0.0711,0.1106,0.018,-0.0038,0.0474,0.0803,0.0533,0.0753
194108,0.0083,0.0234,-0.0065,-0.0346,0.0074,0.0106,0.0237,0.0008,-0.0206,0.002
194109,0.0178,0.0414,-0.029,-0.0066,-0.0078,0.0025,0.0043,-0.0021,-0.0283,-0.0258
194110,-0.0704,-0.0798,-0.0643,0.0219,-0.1011,-0.0272,-0.052,-0.0369,-0.0966,-0.0413
194111,-0.0315,-0.0364,-0.0139,0.0313,-0.0204,-0.0403,-0.0452,-0.0293,-0.0667,-0.0154
194112,-0.0395,-0.1179,0.0078,-0.111,0.0047,-0.0859,-0.0983,-0.0159,-0.0748,-0.0537
194201,0.0254,0.0625,-0.0219,-0.0163,0.0095,-0.0137,0.0066,-0.0299,0.0407,0.0955
194202,-0.055,0.0515,-0.0241,-0.0583,-0.0246,-0.0057,-0.0192,-0.0535,-0.0245,-0.0187
194203,-0.0829,0.0142,-0.0556,-0.0824,-0.0627,-0.0691,-0.0709,-0.0554,-0.1213,-0.0898
194204,-0.041,-0.0437,-0.0459,-0.0357,-0.0362,-0.0732,-0.0588,-0.0445,-0.0342,-0.0202
194205,0.0876,0.0995,0.0175,0.0677,0.0786,0.0772,0.1175,0.1469,0.0841,0.0354
194206,0.0355,0.0177,0.0351,0.0442,0.0458,-0.0223,0.0254,0.0285,0.0169,0.0199
194207,0.0242,0.021,0.0276,0.0605,0.0181,0.0448,0.0496,0.016,-0.0043,0.0658
194208,0.008,0.0233,0.0134,0.0354,0.0073,0.0249,0.0171,0.0243,0.0079,0.0242
194209,-0.0007,0.0259,0.0325,0.0236,0.0516,0.0204,0.0067,0.0026,0.0583,0.0338
194210,0.0451,0.0582,0.0672,0.0962,0.0627,0.0619,0.0062,0.0413,0.1513,0.0891
194211,0.0271,-0.0014,-0.0236,0.0091,0.0202,0.0263,0.0666,0.0158,-0.013,-0.0206
194212,0.0472,0.0819,0.0527,0.0749,0.0614,0.0035,0.0273,0.0869,0.0436,0.0444
194301,0.0914,0.0524,0.0698,0.064,0.098,0.0378,0.0692,0.0247,0.1469,0.0706
194302,0.0362,0.0758,0.0523,0.0791,0.0343,0.0881,0.0308,0.0364,0.0787,0.0947
194303,0.0436,0.0506,0.06,0.07,0.0742,0.0062,0.0868,0.0456,0.0468,0.1009
194304,0.0103,0.0053,-0.0143,0.0097,0.0118,0.0416,0.0187,0.014,0.0401,0.0219
194305,0.0656,0.0658,0.0537,0.0569,0.0626,0.0457,0.0749,0.0513,0.0449,0.0559
194306,0.0205,0.0485,0.0087,0.0119,0.0242,0.0227,0.0559,0.005,0.0424,-0.008
194307,-0.0187,-0.097,-0.0681,-0.0286,-0.0731,-0.0018,-0.0315,-0.0326,-0.0048,-0.0519
194308,0.0094,0.0348,0.0067,0.011,0.0049,0.0091,0.0374,0.0026,0.0187,0.0141
194309,0.0218,0.0169,0.0266,0.0141,0.0518,0.0145,0.0216,0.0402,0.0387,0.0218
194310,-0.0027,-0.0112,-0.0084,-0.0206,-0.0343,0.0073,-0.024,0.0057,0.0056,-0.0109
194311,-0.0457,-0.0532,-0.0644,-0.0693,-0.0643,-0.0174,-0.045,-0.0393,-0.0837,-0.0799
194312,0.0614,0.0794,0.059,0.072,0.08,0.0314,0.0692,0.0394,0.0741,0.0716
194401,0.0397,0.0102,0.0194,0.0061,0.0063,0.0086,0.0078,0.0029,-0.0034,0.045
194402,-0.0053,0.0368,-0.0036,0.0009,-0.0213,0.0088,0.0105,-0.0264,0.0151,0.0207
194403,0.0283,0.0477,0.0227,0.0187,0.0379,0.0074,0.0228,0.0246,0.018,0.0266
194404,-0.0195,-0.0118,-0.0203,-0.0137,-0.0192,-0.0057,-0.01,-0.0236,-0.0092,-0.0246
194405,0.0533,0.0791,0.0556,0.0497,0.0363,0.0283,0.0507,0.0568,0.0278,0.0427
194406,0.0564,0.0931,0.071,0.0053,0.0749,0.0321,0.0583,0.0385,0.0486,0.0595
194407,-0.0035,-0.0493,-0.0195,-0.0121,-0.0182,-0.0037,-0.0008,-0.0124,0.0023,-0.0077
194408,0.0256,0.0398,0.0216,-0.0194,0.0196,0.0067,0.0312,0.0076,0.0362,0.0036
194409,-0.0023,0.0061,0.0055,-0.0138,-0.0065,0.0027,0.0181,0.0043,-0.0151,0.001
194410,-0.0003,-0.0274,-0.0033,0.0187,0.0082,0.0075,0.0044,0.0109,0.0135,0.0067
194411,0.0127,0.0222,0.0086,0.0263,0.0159,0.007,0.0279,0.0052,-0.0039,0.0431
194412,0.0203,0.0397,0.0424,0.0514,0.0464,0.0072,0.0215,0.0171,0.0312,0.0846
194501,0.0264,0.0137,0.028,0.0492,0.0067,-0.0211,0.0007,0.0056,0.0569,0.0062
194502,0.0395,0.0765,0.0695,0.0731,0.066,0.0285,0.0452,0.0425,0.0608,0.0789
194503,-0.03,-0.0603,-0.0478,-0.0525,-0.0381,-0.0011,-0.0137,-0.0183,-0.0308,-0.0353
194504,0.071,0.1115,0.0841,0.069,0.0805,0.0251,0.0716,0.0633,0.1011,0.0881
194505,0.0233,0.0078,0.008,-0.0087,0.0182,0.0376,0.0626,0.0411,0.0188,0.0311
194506,0.0089,-0.0153,-0.0015,-0.005,-0.0188,0.0262,-0.0314,-0.0465,0.0514,0.0448
194507,-0.0144,-0.0098,-0.0299,-0.0323,-0.0173,0.0218,-0.0011,-0.0162,-0.0037,-0.0548
194508,0.0772,0.0941,0.0883,0.0222,0.0974,0.0174,0.0822,0.0919,0.0106,0.0252
194509,0.0628,0.0274,0.0617,0.0198,0.034,0.019,0.0564,0.0651,0.0656,0.0608
194510,0.0677,0.002,0.0228,0.0633,0.0076,0.0236,0.0596,0.0661,0.0607,0.0576
194511,0.0368,0.0262,0.0484,0.0837,0.027,0.0339,0.0692,0.0858,0.0479,0.0911
194512,0.0129,0.0254,0.0156,-0.0024,0.0263,0.0048,0.0346,0.0153,-0.01,0.0015
194601,0.0485,0.0667,0.08,-0.0007,0.0645,0.0191,0.1098,0.0776,0.1082,0.0738
194602,-0.0482,-0.0894,-0.0609,-0.0467,-0.0736,-0.0282,-0.0423,-0.0431,-0.0571,-0.0614
194603,0.0635,0.0098,0.0567,0.1104,0.0215,0.0116,0.114,0.1457,0.0625,0.0468
194604,0.0354,0.0142,0.0433,0.0877,0.017,0.0159,0.072,0.1467,0.0431,0.0168
194605,0.0335,0.0514,0.0501,0.0368,0.0514,0.0282,0.019,0.0564,0.0306,0.0339
194606,-0.036,-0.0592,-0.0358,-0.0315,-0.0526,0.003,-0.0769,-0.0552,-0.0278,-0.0325
194607,-0.0075,-0.0475,-0.0327,-0.0006,-0.0329,-0.0008,-0.0299,-0.0322,-0.0361,-0.0497
194608,-0.0527,-0.1034,-0.0669,-0.0561,-0.0689,-0.07,-0.0483,-0.0324,-0.0535,-0.068
194609,-0.1068,-0.1488,-0.1039,-0.0805,-0.0979,-0.0474,-0.0688,-0.0703,-0.0891,-0.1438
194610,0.0039,-0.0331,-0.0188,-0.0066,-0.0282,-0.0513,-0.0225,-0.0024,0.0145,-0.0046
194611,-0.0131,-0.0113,0.0174,0.0056,-0.0212,0.0179,-0.0494,0.0167,0.008,0.0001
194612,0.0375,0.0616,0.0664,0.0439,0.0473,0.0377,0.0406,0.0723,0.0607,0.0274
194701,0.0023,0.109,0.009,-0.0065,0.0538,0.0103,0.0068,-0.0532,-0.0016,0.0047
194702,-0.0031,0.0154,-0.0068,-0.027,-0.0208,-0.0205,-0.0039,-0.0419,-0.0088,-0.0128
194703,-0.022,-0.027,-0.016,0.0229,-0.0229,-0.0215,-0.022,-0.0126,-0.0279,-0.0333
194704,-0.0668,-0.0408,-0.0574,-0.0044,-0.0521,-0.0022,-0.0797,-0.086,-0.0372,-0.0627
194705,-0.005,-0.0216,-0.0209,0.0252,-0.0029,-0.011,-0.0037,-0.0268,-0.0248,-0.0207
194706,0.0653,0.0587,0.0574,0.0776,0.0387,-0.0317,0.0988,0.0419,0.0398,0.0319
194707,0.0465,0.052,0.0388,0.0387,0.0634,0.0081,0.0461,0.026,0.0253,0.0599
194708,-0.0138,-0.0076,-0.0101,-0.023,-0.0421,0.0036,-0.0354,-0.0383,0.0026,-0.0319
194709,0.004,0.0017,0.007,-0.0271,0.0113,0.0084,-0.028,-0.0262,-0.0132,-0.0096
194710,0.0136,0.0293,0.0324,0.0524,0.0174,0.0021,0.0303,0.0122,0.0013,0.0099
194711,-0.0169,-0.0268,-0.012,-0.0034,-0.0055,-0.0257,-0.0241,-0.0304,-0.0758,-0.0195
194712,0.0069,0.0224,0.0262,0.0929,0.0248,0.0044,0.0036,0.031,0.0119,0.0372
194801,-0.0269,-0.0535,-0.0408,-0.0743,-0.0553,0.001,-0.0329,-0.0823,-0.0022,-0.0087
194802,-0.0612,-0.0542,-0.0533,-0.0296,-0.0394,-0.0106,-0.038,-0.0353,-0.0346,-0.0411
194803,0.0546,0.0725,0.0962,0.0993,0.111,0.0195,0.0667,0.0633,0.0661,0.0994
194804,0.0131,0.0117,0.0251,0.1122,-0.0059,0.0265,0.0508,0.0214,0.015,0.0325
194805,0.0509,0.1443,0.0787,0.0608,0.1277,0.0249,0.0857,0.0678,0.0573,0.0676
194806,-0.02,0.003,-0.0098,0.0349,-0.0141,0.0044,-0.013,-0.0219,0.0257,-0.0075
194807,-0.0167,-0.0437,-0.0499,-0.0718,-0.066,-0.0165,-0.0772,-0.0425,-0.0434,-0.0499
194808,0.0002,0.0112,0.0041,-0.0201,0.0307,0.0006,0.0249,-0.019,0.001,0.0153
194809,-0.0395,-0.0388,-0.0265,-0.0446,-0.0317,-0.0023,-0.0093,-0.0308,-0.0089,-0.0344
194810,0.0364,0.0795,0.0669,0.092,0.0685,0.0111,0.0414,0.0519,0.0442,0.0496
194811,-0.0617,-0.1187,-0.1015,-0.1218,-0.0925,-0.0206,-0.0572,-0.0574,-0.0905,-0.1058
194812,0.0068,0.0344,0.0404,0.0472,0.0631,0.0109,0.0153,0.0454,0.0265,0.0285
194901,0.0367,0.0244,0.0031,-0.0383,-0.0133,-0.0126,0.0117,0.0457,0.0476,0.0032
194902,-0.0193,-0.0369,-0.0343,-0.043,-0.0421,-0.003,-0.0227,-0.0093,0.0068,-0.032
194903,0.032,0.0342,0.0356,0.0606,0.0582,0.0136,0.0439,0.055,0.0377,0.049
194904,-0.0164,-0.0422,-0.0354,0.0128,-0.0371,-0.0164,-0.0164,0.0024,0.0123,-0.0152
194905,-0.0042,-0.0283,-0.033,-0.0563,-0.053,-0.0218,0.0019,-0.0188,-0.0058,-0.0269
194906,0.0102,0.0129,0.0023,-0.0118,0.0011,0.0112,0.0286,0.0216,-0.0092,-0.0138
194907,0.0494,0.0943,0.0594,0.0624,0.069,0.0241,0.0516,0.06,0.0473,0.0419
194908,0.0397,0.0231,0.0217,0.0549,0.0075,0.0098,0.015,0.0019,0.0366,0.0145
194909,0.0283,0.0265,0.0393,0.0303,0.0365,0.0123,0.0232,0.0186,0.0406,0.0339
194910,0.0153,0.0734,0.0434,0.0371,0.0374,0.0188,0.0066,0.0338,0.0132,0.0242
194911,0.0184,0.0475,0.0324,-0.0277,0.039,0.0167,0.021,0.0481,0.0324,0.0123
194912,0.0513,0.0827,0.065,0.0109,0.0917,0.0159,0.0476,0.087,0.0326,0.0718
195001,0.0137,0.0187,0.0198,-0.0064,0.0453,0.0186,0.0043,0.0106,0.0373,0.032
195002,0.0053,0.0349,0.0194,-0.0053,0.034,0.0066,0.0232,0.0192,0.0239,0.0101
195003,-0.0056,0.0186,0.0081,0.0485,0.0242,0.0457,-0.0017,-0.029,0.0055,-0.007
195004,0.0014,0.1057,0.0745,0.0323,0.0473,0.0237,-0.0036,0.0552,0.0095,0.0152
195005,0.0207,0.0644,0.0598,0.088,0.0023,0.0197,0.0316,0.0396,0.0183,0.0135
195006,-0.0569,-0.0404,-0.0655,-0.0452,-0.0796,-0.0428,-0.0442,-0.0419,-0.0763,-0.0679
195007,0.0044,-0.0271,0.0214,0.0881,-0.0292,-0.0133,-0.0096,-0.0694,-0.0523,0.075
195008,0.0394,0.0923,0.0634,0.0432,0.0526,0.0256,0.0438,0.0368,0.0338,0.0232
195009,0.0488,0.0879,0.045,0.0353,0.0501,-0.0046,0.0846,0.0615,0.0449,0.0651
195010,-0.0037,0.0061,0.0046,0.0029,-0.0149,0.0021,0.0084,-0.0176,-0.0073,-0.0151
195011,0.0002,-0.0261,0.0594,0.0528,0.0264,-0.0024,0.0111,0.0468,-0.0117,0.0394
195012,0.0283,0.015,0.0669,0.0868,0.0388,0.0189,0.0276,0.0606,0.0359,0.1105
195101,0.0462,0.0922,0.0613,0.063,0.0773,0.0188,0.0362,0.031,0.0502,0.0639
195102,0.0096,0.028,0.0123,0.0096,0.0092,0.0411,0.0312,0.0146,0.0311,-0.0042
195103,-0.0277,0.0118,-0.0304,-0.0238,-0.0091,-0.011,-0.021,0.017,-0.0141,-0.0284
195104,0.0095,0.0342,0.0685,0.1081,0.0317,0.0085,0.0039,0.1041,0.0021,0.0375
195105,-0.0127,-0.0532,-0.0214,-0.0301,-0.0277,-0.0041,-0.0132,0.0157,-0.0005,-0.0327
195106,-0.0358,-0.0683,-0.038,0.0109,-0.016,-0.0018,-0.0271,0.0083,-0.0039,-0.0512
195107,0.0313,0.031,0.0845,0.1137,0.06,0.028,0.0291,0.1442,0.0531,0.074
195108,0.0351,0.07,0.0487,0.0574,0.0592,0.0264,0.0269,-0.0138,0.0213,0.0345
195109,-0.0041,0.0266,0.0023,-0.0076,0.0344,-0.0004,0.032,-0.0184,0.0132,0.0358
195110,-0.0312,-0.0204,-0.0415,0.0117,-0.0576,-0.0108,-0.0309,-0.0594,0.0071,-0.0363
195111,-0.0006,0.0201,0.0043,-0.0079,0.0212,0.0049,0.0145,-0.005,0.0165,0.021
195112,0.0191,0.0248,0.0457,0.0472,0.0505,0.0087,-0.0024,0.0511,0.0326,0.0213
195201,0.0052,-0.0117,-0.003,0.066,-0.0187,0.0017,-0.0049,0.0073,0.0308,0.0332
195202,-0.0201,0.0046,-0.0384,-0.0339,-0.0342,-0.0063,-0.0366,-0.0422,0.007,-0.0157
195203,0.0171,0.0833,0.0297,0.0872,0.0495,0.0126,0.0252,0.0037,0.0223,0.0584
195204,-0.0332,-0.03,-0.0662,-0.0765,-0.0344,-0.0074,-0.0177,-0.0546,-0.018,-0.0339
195205,0.0214,0.0401,0.0428,0.0351,0.0296,0.0103,0.0264,0.0253,0.0299,0.0294
195206,0.0287,0.0524,0.0432,0.0545,0.0566,0.0206,0.0293,-0.0097,0.0109,0.0402
195207,0.0065,0.0253,0.0222,-0.0102,0.0164,0.0024,0.0194,-0.0439,0.0217,0.0113
195208,0.0096,0.0204,-0.0166,-0.0266,-0.0032,0.0088,-0.003,-0.0055,0.019,-0.0013
195209,-0.0281,-0.0078,-0.021,-0.043,0.009,-0.0034,-0.0076,-0.041,0.0035,-0.0137
195210,-0.0123,0.012,-0.0155,0.0038,-0.0111,0.0092,-0.011,-0.0147,0.0049,-0.0157
195211,0.0591,0.0652,0.0871,0.0207,0.0887,0.0407,0.0454,0.0725,0.0519,0.0727
195212,0.0147,0.0701,0.0267,0.0455,0.0279,0.0088,0.0129,-0.0196,0.0179,0.0374
195301,0.0201,-0.0036,0.0066,-0.0299,-0.0213,0.0102,0.0083,-0.0512,0.0094,0.0108
195302,0.0169,-0.0117,-0.0098,0.0033,0.0049,-0.0043,-0.0015,0.0209,0.0041,-0.0023
195303,-0.0164,-0.0438,-0.0163,-0.0056,-0.0081,-0.0043,-0.0048,-0.0016,0.0014,-0.0144
195304,-0.0024,-0.0197,-0.0268,-0.0518,-0.0086,-0.0104,-0.008,-0.0535,-0.032,-0.032
195305,0.0022,-0.0002,0.0024,0.0184,0.0105,0.0036,0.0151,-0.0003,0.0003,0.0144
195306,-0.0086,-0.0333,-0.0232,-0.0008,-0.0206,0.005,-0.022,-0.0329,-0.0306,-0.0205
195307,0.0264,0.0072,0.0261,0.0393,0.0219,0.0094,0.0197,0.0366,0.0337,0.0143
195308,-0.0342,-0.0636,-0.0485,-0.0637,-0.0452,-0.0084,-0.0234,0.0005,-0.0037,-0.068
195309,0.0016,-0.0082,0.0118,-0.0192,0.0309,0.0178,0.001,0.0043,0.0161,-0.0098
195310,0.0072,0.0774,0.0602,0.0564,0.0715,0.0138,0.0086,0.0266,0.0449,0.0368
195311,0.0056,0.0049,0.0418,0.0199,0.0482,0.0226,0.0334,0.0798,0.03,0.0278
195312,-0.005,-0.0121,0.0064,0.0044,0.005,0.0054,0.0125,-0.0134,0.0059,-0.0231
195401,0.0417,0.0528,0.0455,0.0864,0.069,0.0189,0.0332,0.0565,0.0328,0.0666
195402,-0.0023,0.0171,0.0097,0.028,0.0534,0.0257,0.0044,-0.0018,0.0157,0.0154
195403,0.0141,0.0351,0.0488,0.0428,0.0859,0.0172,0.0038,0.0028,0.0298,0.0179
195404,0.009,0.0409,0.0577,0.0615,0.0889,0.0198,0.0154,0.012,0.0123,0.0287
195405,0.0248,0.0448,0.044,0.0297,-0.0026,0.0124,0.0284,0.0161,0.0269,0.044
195406,0.0076,0.0119,0.0362,-0.0587,0.0929,0.0054,0.025,-0.0243,0.0134,0.0148
195407,0.0637,0.0985,0.052,0.0423,0.0008,0.0436,0.0421,0.0821,0.0543,0.0683
195408,-0.0271,-0.0336,-0.0375,0.0052,-0.0429,-0.0143,-0.0021,-0.0257,-0.0173,-0.0226
195409,0.0383,0.1447,0.066,0.1001,0.073,0.0249,0.0484,0.0282,0.0201,0.0433
195410,-0.0225,-0.0077,-0.0111,-0.0198,-0.0178,-0.0085,-0.0253,-0.0162,-0.0381,0.0057
195411,0.0623,0.0445,0.1368,0.0804,0.1347,0.0343,0.084,0.1255,0.0569,0.1116
195412,0.0433,0.0727,0.0654,0.0647,0.029,0.0158,0.0226,0.0613,0.0358,0.0939
195501,0.0027,0.0054,-0.0012,0.0041,0.0414,0.008,0.0173,-0.0288,0.0145,0.0088
195502,0.0157,-0.0103,0.0417,0.0242,0.0507,0.0399,0.0131,0.0285,0.0365,0.0376
195503,-0.0085,0.0005,0.0036,-0.0023,-0.0153,-0.0019,-0.014,0.061,-0.0072,0.0094
195504,0.0398,0.0567,0.0433,0.0058,0.0539,0.0197,0.0183,0.0001,0.0255,0.0344
195505,-0.0024,-0.0113,0.03,-0.0062,0.0026,0.0129,0.0302,0.0314,-0.0013,0.0164
195506,0.026,0.101,0.0959,0.112,0.0445,0.0069,0.0442,0.0017,0.0167,0.0237
195507,0.0195,0.1882,-0.0137,0.0276,-0.0306,0.0261,0.0203,0.0014,0.0369,-0.018
195508,-0.0069,-0.0427,0.0312,-0.011,0.0011,-0.0244,0.0164,0.0015,0.0008,0.0047
195509,-0.0168,0.0875,-0.0057,-0.0038,-0.042,0.0106,0.0341,-0.032,-0.0263,-0.025
195510,-0.0081,-0.0487,-0.0316,-0.0099,-0.0546,-0.0115,-0.0251,0.0081,-0.0102,-0.0284
195511,0.036,0.0906,0.0802,0.0858,0.1089,0.0163,0.06,0.0626,0.0339,0.0805
195512,0.012,-0.0409,0.0311,0.037,0.0504,0.0086,-0.0075,0.0622,-0.0012,-0.0072
195601,-0.0162,-0.0659,-0.0471,0.0054,-0.0534,0.0186,-0.0441,-0.065,-0.0033,-0.0276
195602,0.0118,0.0573,0.0487,0.0427,0.0605,0.0016,0.0281,0.0825,0.0192,0.0317
195603,0.0174,0.041,0.0797,0.1144,0.1039,0.0143,0.0043,0.0724,0.0378,0.0568
195604,0.0081,-0.0512,0.0121,0.0362,-0.0051,-0.0088,-0.0182,0.0274,-0.0218,0.005
195605,-0.0323,-0.0445,-0.0628,-0.0637,-0.0535,-0.0106,-0.0455,-0.0124,-0.0074,-0.0548
195606,0.0066,0.0661,0.0487,0.0274,0.0663,0.0128,0.022,0.0358,0.0234,0.0159
195607,0.0198,0.0458,0.0625,0.06,0.0528,0.0269,0.048,0.031,0.0524,0.0241
195608,-0.0137,0.0061,-0.0321,-0.0527,-0.0355,-0.0136,-0.0269,-0.0307,-0.0248,-0.036
195609,-0.0323,-0.0091,-0.0616,-0.0581,-0.0685,-0.0287,-0.0457,-0.0369,-0.0387,-0.044
195610,0.004,-0.0135,0.0098,0.0054,0.0326,-0.0139,0.0148,0.0058,0.0114,0.011
195611,-0.0042,-0.0353,-0.0094,0.0531,0.0068,0.0152,-0.0217,-0.0131,0.0042,0.0021
195612,0.0126,0.0086,0.0484,0.0414,0.0441,0.0255,-0.006,0.0605,0.0182,0.0202
195701,0.0177,-0.0486,-0.0571,-0.0412,-0.0565,0.029,-0.0129,-0.0226,0.0264,-0.0054
195702,-0.0141,-0.0165,-0.0278,-0.0227,-0.0065,0.0032,-0.0091,-0.0035,-0.0029,-0.0257
195703,0.016,0.0044,0.0199,0.0317,0.0478,0.0152,0.021,0.0821,0.0169,0.0231
195704,0.0139,0.0735,0.036,0.0694,0.0839,0.0045,0.0025,0.0543,0.0319,0.0315
195705,0.0139,0.0064,0.0353,0.0761,0.0579,0.0103,0.027,0.0478,0.0225,0.0136
195706,-0.0065,-0.0023,0.0023,-0.0174,0.0523,-0.0209,-0.021,0.0645,-0.0511,-0.0111
195707,0.0093,0.0329,0.0054,0.0099,0.0106,-0.0024,0.0288,0.0298,0.0002,0.0112
195708,-0.0199,-0.0274,-0.0627,-0.0574,-0.0706,-0.0012,-0.0271,-0.0226,-0.0258,-0.0541
195709,-0.0115,-0.0715,-0.0689,-0.0797,-0.0638,-0.0222,0.0042,-0.0371,-0.0172,-0.0664
195710,-0.0213,-0.0433,-0.0467,-0.058,-0.0179,-0.021,-0.0393,-0.0045,-0.0069,-0.0688
195711,0.0336,-0.0571,0.0338,0.0243,0.065,0.0149,0.0173,0.0777,0.0438,0.0033
195712,0.0044,-0.0827,-0.0457,-0.07,-0.033,0.0126,-0.0172,-0.0038,0.0256,-0.0436
195801,0.0745,0.0551,0.0543,0.0158,0.0401,0.0426,0.0749,-0.0005,0.0624,0.1102
195802,0.0204,-0.0139,-0.0197,-0.0458,-0.0169,0.0066,0.0141,0.0492,0.0128,-0.0178
195803,0.042,0.0265,0.0152,0.0791,0.0258,0.0117,0.0409,0.0753,0.0197,0.0251
195804,0.0355,0.0428,0.0142,0.0515,-0.0014,0.027,0.0299,0.0752,0.0509,0.0455
195805,0.0272,0.0468,0.0342,0.0037,0.0153,0.0211,0.0362,0.0107,0.0141,0.0374
195806,0.0265,0.0264,0.0236,0.0495,0.0359,0.0166,0.0214,0.0323,0.0219,0.0288
195807,0.0163,0.0938,0.0848,0.0069,0.0377,0.009,0.0187,0.0597,0.0113,0.0531
195808,0.0293,-0.0029,0.0241,0.0192,0.0207,0.024,0.0571,0.0198,-0.0101,0.0307
195809,0.0426,0.1029,0.0454,0.0328,0.0618,0.0505,0.0401,0.1172,0.0348,0.0464
195810,0.0251,0.0184,0.0306,0.0133,0.0444,0.0145,0.0122,0.0105,0.0428,0.0364
195811,0.0409,0.0203,0.0292,0.0192,0.0435,0.0213,0.059,0.0803,0.0295,0.047
195812,0.0266,0.0308,0.052,0.0125,0.1306,0.133,0.0571,0.0461,0.0594,0.0305
195901,0.0381,-0.0018,0.008,0.0051,-0.0218,0.0391,0.0349,-0.0062,0.0124,0.0195
195902,0.03,-0.014,0.0362,-0.0739,0.0514,0.0484,0.0266,0.0386,0.0125,0.0169
195903,0.003,-0.0075,-0.0023,0.0214,0.0232,-0.0042,-0.0166,0.0426,0.0163,-0.0072
195904,0.0301,0.0977,0.0416,0.0172,0.0839,0.0463,0.0153,0.1192,-0.0113,0.0207
195905,0.0134,0.0624,0.0405,-0.0095,0.0476,-0.0104,0.0271,-0.0107,-0.011,0.0065
195906,0.0167,0.0048,0.0128,-0.0272,-0.0097,-0.0106,0.0226,0.0659,-0.0223,0.0141
195907,0.037,0.0809,0.0373,0.0496,0.0052,0.006,0.02,0.0474,0.0385,0.0015
195908,-0.0039,0.0323,-0.0189,-0.0313,-0.0253,0.0061,0.0078,-0.0352,0.0134,-0.022
195909,-0.0322,-0.0429,-0.0496,-0.069,-0.0421,-0.0096,-0.0208,-0.0496,-0.0434,-0.0411
195910,0.0379,-0.011,0.0142,0.0117,0.0506,0.013,0.0082,0.0238,0.0088,0.0017
195911,0.0124,0.0012,0.0219,-0.0041,0.0921,-0.0123,0.0243,0.0562,0.004,-0.005
195912,0.0123,0.059,0.0216,0.0423,0.0343,0.0431,0.0263,-0.0163,0.0213,0.0208
196001,-0.0335,-0.1136,-0.0841,-0.0749,-0.0983,0.0095,-0.057,-0.0635,-0.0207,-0.0443
196002,0.0293,-0.0207,0.0049,-0.0343,0.0539,0.0836,0.0406,0.0027,0.0277,0.0001
196003,-0.0141,-0.0526,-0.0355,-0.008,0.0158,0.0014,0.0016,0.0161,0.0177,-0.0234
196004,0.0154,-0.0209,-0.0353,-0.0426,0.0056,-0.0105,-0.0021,0.0168,0.0137,-0.0114
196005,0.0652,-0.0051,0.0386,-0.0346,0.0957,0.0332,0.0329,0.1377,0.0152,0.0033
196006,0.0432,0.0069,0.0168,0.0352,0.0142,-0.0034,0.0378,-0.0016,0.0579,0.0285
196007,-0.0095,-0.005,-0.0415,0.007,-0.0421,0.001,-0.03,-0.0386,-0.0123,-0.0154
196008,0.0452,0.032,0.017,0.041,0.0116,0.0711,0.0314,0.0246,0.0446,0.0302
196009,-0.0341,-0.053,-0.0703,-0.01,-0.0873,-0.0591,-0.0839,-0.0871,-0.0455,-0.058
196010,0.0165,-0.0098,-0.0097,0.0243,-0.0326,0.0014,0.0022,-0.0349,-0.0031,-0.0086
196011,0.0868,-0.007,0.0485,0.034,0.0702,0.0419,0.0693,0.0404,0.0378,0.0675
196012,0.0447,-0.0022,0.0393,0.053,0.0304,0.1245,0.0226,0.0622,0.0642,0.0418
196101,0.0544,0.0857,0.0663,0.0976,0.0288,0.0789,0.029,0.0605,0.0486,0.0783
196102,0.0665,0.0443,0.0505,0.0073,0.027,0.0075,0.0495,0.0519,0.0367,0.0568
196103,0.0482,0.0391,0.0161,0.0142,0.0277,0.0743,0.0585,0.038,0.0174,0.0345
196104,-0.0136,-0.0104,-0.0134,0.0476,0.0048,0.008,0.0058,-0.003,0.0186,0.0049
196105,0.0367,0.0165,0.0458,0.0015,0.0287,-0.0104,0.0409,0.0228,0.025,0.0421
196106,-0.0142,-0.0188,-0.0296,-0.0402,-0.0335,-0.0399,0.0053,-0.0338,-0.0182,-0.0391
196107,0.0284,0.0699,0.0247,0.0227,0.0179,0.0643,0.0245,0.0345,0.0289,0.0126
196108,0.0513,0.0203,0.0246,0.002,0.0448,0.0026,0.0326,0.0384,0.038,0.053
196109,0.0003,0.0554,-0.0446,-0.0643,0.0022,-0.0277,0.004,-0.0131,0.014,-0.0179
196110,0.0337,0.0035,-0.0023,0.0662,0.0337,0.0019,0.0902,0.0352,0.0531,0.0227
196111,0.0549,0.0984,0.0296,0.0554,0.0294,0.0849,0.0511,0.0327,0.0341,0.0391
196112,-0.0316,0.0212,0.0017,0.0379,-0.0069,0.0333,-0.0031,-0.0202,-0.0422,-0.0186
196201,-0.0619,-0.0096,-0.0355,0.0009,-0.0496,-0.0608,-0.0863,-0.0462,-0.0258,-0.0137
196202,0.0023,-0.0152,0.014,0.0535,-0.0002,0.0409,0.0163,0.0376,0.0262,0.017
196203,-0.011,-0.0117,-0.0045,-0.0166,0.0021,-0.0294,0.0091,0.0054,0.0198,-0.0184
196204,-0.0676,-0.0435,-0.0794,-0.0362,-0.1106,-0.0471,-0.0442,-0.1101,-0.0279,-0.0711
196205,-0.1129,-0.051,-0.0821,-0.0498,-0.1117,-0.0711,-0.0908,-0.109,-0.1047,-0.0791
196206,-0.0883,-0.0657,-0.0954,-0.0486,-0.1157,-0.0852,-0.1026,-0.1259,-0.0508,-0.0917
196207,0.0522,0.0867,0.0537,0.049,0.1132,0.0723,0.0438,0.0778,0.0745,0.0571
196208,0.0089,0.0378,0.0241,0.0184,0.034,0.0158,0.043,-0.0792,0.0317,0.0389
196209,-0.0563,-0.0287,-0.0573,-0.0178,-0.0888,-0.0605,-0.0661,-0.0405,-0.0283,-0.0575
196210,-0.0328,0.0232,0.0157,-0.0029,-0.0015,0.0277,-0.0134,0.0247,-0.0108,0.0066
196211,0.1209,0.0715,0.1316,0.1071,0.1457,0.0716,0.1118,0.1759,0.0759,0.1489
196212,0.0143,0.029,-0.0099,0.0469,-0.0017,0.0108,0.0004,0.0089,0.0344,0.0138
196301,0.0594,0.0638,0.0573,0.0269,0.0564,0.0413,0.0411,0.0565,0.0526,0.0524
196302,-0.0304,-0.0302,-0.0257,-0.0131,-0.0506,-0.0109,-0.0067,-0.0258,-0.0148,-0.0035
196303,0.0257,0.0744,0.0287,0.0697,0.0274,0.0194,0.0201,0.0118,0.0179,0.0287
196304,0.0238,0.0567,0.0469,0.0605,0.0641,0.0373,0.0547,0.0762,0.024,0.0588
196305,0.019,0.0786,0.0207,-0.0011,0.0419,-0.0064,0.0262,-0.0025,0.0103,0.0365
196306,-0.0138,-0.0279,-0.0257,0.0121,-0.0492,-0.0194,-0.0137,-0.0109,-0.0113,-0.0131
196307,-0.0049,-0.0022,-0.014,0.0229,-0.0069,-0.0025,-0.0105,0.0056,0.008,-0.0163
196308,0.0489,0.0655,0.0621,0.0394,0.0514,0.0429,0.0644,0.0956,0.042,0.0554
196309,-0.0169,-0.0024,-0.0077,-0.0364,0.0013,0.0237,0.0093,-0.0406,-0.025,-0.0318
196310,0.0265,0.0972,0.0255,-0.0032,0.0829,0.0343,0.0052,0.0338,-0.0067,0.0138
196311,-0.0113,-0.0484,0.0031,-0.0116,-0.0029,0.0414,-0.0124,-0.0165,-0.0102,0.0023
196312,0.0281,0.0027,0.0192,0.0465,0.0305,-0.0008,0.0033,0.0154,0.0242,0.0281
196401,0.0079,0.0119,0.0269,0.0484,0.0291,0.0333,0.0251,0.0368,0.014,0.0124
196402,0.0187,0.0214,0.0274,0.0106,0.0196,-0.0028,0.0163,0.0166,0.0087,0.055
196403,0.0308,0.0093,0.037,0.014,0.0338,-0.009,0.0244,-0.0194,-0.0075,0.0218
196404,-0.0048,0.0193,-0.0174,0.0403,-0.0363,0.0083,0.0286,-0.0142,0.0106,0.0026
196405,0.0156,0.0112,0.0171,0.0214,0.0274,-0.0039,0.039,0.0053,0.0084,0.0242
196406,0.0161,0.0067,0.0089,0.0065,0.0052,0.047,0.0384,0.0059,0.022,0.0138
196407,0.0176,0.0528,0.0132,0.0334,-0.018,-0.02,0.0121,0.0476,0.0491,0.0134
196408,-0.0026,0.0133,-0.0128,-0.0186,-0.0275,-0.0155,0.0034,-0.0422,-0.0001,-0.0314
196409,0.0169,0.0504,0.048,0.0308,0.0115,-0.0101,0.0349,0.0273,0.0187,0.0405
196410,-0.0018,0.0025,0.0042,0.0307,-0.0099,-0.009,0.0232,0.0288,0.0095,0.0183
196411,0.007,-0.0138,-0.0058,0.0255,-0.0023,-0.022,0.0326,0.0217,0.0137,-0.018
196412,0.0023,0.0167,-0.0068,-0.0024,-0.0001,0.0309,0.0013,0.0438,0.005,-0.0179
196501,0.0608,0.0376,0.0539,0.0052,0.0746,0.0028,0.0306,0.0766,0.0396,0.0472
196502,0.0161,-0.0069,0.0254,-0.0336,0.022,0.008,0.0139,0.0242,0.0043,0.0259
196503,-0.0079,0.0139,-0.0116,-0.0303,-0.0048,-0.0169,-0.008,-0.0093,-0.0052,-0.0026
196504,0.042,0.0704,0.0407,0.0086,0.0514,0.0233,0.0682,0.0298,0.0065,0.0217
196505,-0.0079,-0.0353,-0.0053,0.0087,0.0048,0.0275,0.0023,-0.0124,-0.0097,-0.0168
196506,-0.0513,-0.0683,-0.0625,-0.0198,-0.0571,-0.0418,-0.0621,-0.0531,-0.0366,-0.07
196507,0.016,0.023,0.0209,0.0181,0.036,-0.0038,-0.0139,0.0395,0.0106,0.0341
196508,0.0408,0.0321,0.0353,0.0156,0.0588,0.0133,0.023,0.0629,0.0092,0.0509
196509,0.0046,0.0697,0.0383,0.0437,0.0529,0.0109,-0.0065,0.0224,0.0139,0.0179
196510,0.0263,0.0634,0.0437,0.0184,0.0522,-0.0229,0.0029,0.0323,0.0105,0.0425
196511,0.0111,-0.0403,0.0138,0.0071,0.0273,-0.0432,0.0138,0.038,-0.01,0.039
196512,0.0127,0.0123,0.0324,0.0017,-0.0154,-0.0086,0.0133,0.0383,-0.0031,0.0349
196601,0.019,0.0049,0.0292,0.0104,0.0135,-0.013,-0.0434,0.0274,-0.0302,0.0526
196602,-0.0048,-0.015,-0.0076,-0.0347,0.0503,0.0048,-0.0184,-0.0155,-0.0417,0.0211
196603,-0.0265,-0.0306,-0.0183,-0.0223,-0.009,-0.0484,-0.0207,-0.016,-0.0014,-0.0284
196604,0.0042,0.0011,0.0287,0.0313,0.0765,0.0126,0.031,-0.0002,0.0119,0.0305
196605,-0.0492,-0.0811,-0.057,-0.0374,-0.0605,-0.0298,-0.0293,-0.0525,-0.0273,-0.0788
196606,-0.0179,-0.0211,-0.0096,-0.0227,-0.0013,0.0049,-0.0236,0.0099,-0.0178,0.0074
196607,-0.0118,-0.0243,-0.0159,0.004,-0.0176,-0.0117,-0.0196,-0.0172,-0.0018,-0.0206
196608,-0.0717,-0.0747,-0.0783,-0.0636,-0.0598,-0.046,-0.0639,-0.0807,-0.0859,-0.1179
196609,-0.0148,-0.0103,-0.036,0.0394,-0.019,-0.0057,-0.0201,-0.0113,0.0436,-0.0185
196610,0.045,0.0056,0.025,0.0846,0.003,0.0919,-0.0136,0.0487,0.0994,0.0312
196611,0.0233,-0.0352,0.0278,-0.0114,0.1088,-0.0284,0.0073,0.0689,-0.0136,0.0795
196612,0.0022,-0.0261,0.0138,-0.0066,0.0041,0.0298,-0.0416,-0.0017,0.021,0.0212
196701,0.0942,0.122,0.1119,0.0359,0.102,0.0623,0.1183,0.0641,0.0284,0.1197
196702,0.02,-0.0102,0.0121,-0.0007,0.0617,0.0215,0.0325,0.0142,-0.0172,-0.0025
196703,0.0445,0.0428,0.058,0.0361,0.0544,0.0294,0.0236,0.0783,0.0153,0.0417
196704,0.0459,0.1083,0.0374,0.0167,0.0773,0.0019,0.092,0.0446,0.0188,0.0223
196705,-0.0263,-0.0728,-0.0372,-0.0242,-0.0444,-0.0567,-0.0466,-0.0529,-0.0411,-0.019
196706,0.0265,0.0151,0.0212,0.0228,0.0632,0.0272,0.0385,0.0538,-0.0131,0.0374
196707,0.0603,0.1072,0.0505,0.0692,0.0392,-0.0662,0.0598,0.0379,0.0233,0.0789
196708,-0.0084,0.0008,-0.0039,-0.0146,-0.0101,-0.0125,0.0044,0.0066,-0.0065,-0.0032
196709,0.0313,0.0498,0.0311,0.042,0.0836,0.012,0.0228,0.0289,-0.0009,0.0132
196710,-0.0266,-0.0487,-0.0453,-0.0099,0.048,-0.0349,0.0071,-0.0501,-0.0536,-0.0525
196711,0.0056,-0.007,0.0066,0.0078,0.0137,0.0009,0.0091,0.0133,0.0317,-0.0041
196712,0.032,0.0087,0.0522,0.0309,0.0219,0.0013,0.0337,0.0162,0.0328,0.055
196801,-0.0058,-0.0516,-0.0645,-0.0089,-0.0869,0.0269,0.0116,-0.0657,0.002,-0.0185
196802,-0.0267,-0.023,-0.0427,-0.0264,-0.0455,-0.024,-0.0082,-0.0424,-0.0148,-0.0356
196803,0.0074,0.0052,0.0086,0.0076,0.0416,-0.0112,0.0281,0.001,-0.0393,-0.0008
196804,0.111,0.1199,0.1067,0.0568,0.1238,0.0222,0.1234,0.119,0.0249,0.1214
196805,0.0502,-0.0039,0.0315,0.0126,0.0381,-0.0074,0.0354,0.0334,0.0045,0.0627
196806,0.0119,-0.0163,-0.002,0.0181,-0.02,0.0415,0.0038,0.0225,0.0844,0.0299
196807,-0.039,-0.0285,-0.0409,0.0528,-0.056,-0.0019,-0.0512,-0.041,0.0017,-0.0277
196808,0.0281,0.0116,0.0335,0.0128,0.0053,0.0126,0.0228,0.0068,-0.0087,0.0283
196809,0.0486,0.0686,0.0455,0.0353,0.0295,0.0295,0.0796,0.0085,0.0027,0.092
196810,0.0087,0.0471,0.0098,0.0255,-0.0499,0.0317,0.0075,-0.0005,0.0049,0.0108
196811,0.0466,-0.0044,0.0582,0.0556,0.0862,0.0539,0.051,0.081,0.0879,0.076
196812,-0.0104,-0.0443,-0.0339,-0.0256,-0.0537,-0.0664,-0.0411,-0.0103,-0.0288,-0.0377
196901,-0.012,-0.0187,-0.0042,-0.0112,-0.0468,0.012,-0.0104,-0.0023,0.0241,0.009
196902,-0.0659,-0.0336,-0.0576,-0.046,-0.0358,-0.0332,-0.0409,-0.0514,-0.052,-0.084
196903,0.0076,0.05,0.026,0.0709,0.0546,-0.0042,0.0513,0.0334,-0.0129,0.0074
196904,0.0103,0.013,0.0129,-0.0035,0.0391,0.0773,0.0373,0.0498,0.0134,0.0179
196905,0.0119,-0.0002,-0.0085,0.0369,-0.017,0.0106,0.0059,0.0166,0.0002,-0.0112
196906,-0.0733,-0.0596,-0.0697,-0.0992,-0.0013,-0.0398,-0.0546,-0.0503,-0.0574,-0.107
196907,-0.0693,-0.07,-0.0544,-0.0963,-0.0542,-0.0449,-0.0851,-0.0273,-0.0298,-0.0912
196908,0.05,0.03,0.0418,0.0658,0.0703,0.0166,0.0818,0.092,-0.0129,0.0902
196909,0.0026,-0.0038,-0.0209,-0.0963,0.0021,-0.04,-0.0073,0.0217,-0.0414,-0.0074
196910,0.0835,0.0387,0.0668,-0.0106,0.058,0.035,0.0679,0.0897,0.0828,0.0796
196911,-0.024,-0.0443,-0.0342,-0.0451,-0.0179,0.0118,-0.0419,0.0034,-0.0526,-0.0555
196912,-0.0196,-0.0343,-0.0143,-0.0301,-0.0075,-0.0551,-0.031,0.043,-0.0065,-0.0376
197001,-0.043,-0.0824,-0.073,-0.1144,-0.0907,-0.0256,-0.0593,-0.0711,-0.0423,-0.0882
197002,0.0472,0.0586,0.0517,0.0538,0.0295,0.0795,0.0519,0.0557,0.0836,0.0948
197003,-0.0086,0.0499,-0.0029,-0.0043,-0.0258,0.0229,-0.0174,-0.051,0.0291,-0.0191
197004,-0.102,-0.0876,-0.0898,-0.0915,-0.1434,-0.0879,-0.1121,-0.1012,-0.0806,-0.1371
197005,-0.0751,-0.0622,-0.0751,0.0263,-0.0954,-0.0374,-0.0952,-0.0774,-0.0536,-0.0831
197006,-0.0157,-0.0379,-0.0481,-0.0246,-0.1176,-0.0848,-0.0411,-0.0048,-0.047,-0.0684
197007,0.0669,0.1032,0.0512,0.1277,0.0241,0.1027,0.1034,0.0214,0.0871,0.0805
197008,0.015,0.0829,0.0463,0.0653,0.0799,0.025,0.0535,0.018,0.0467,0.0502
197009,0.0563,0.028,0.0398,0.0327,0.1017,-0.0093,0.0798,0.0801,-0.0054,0.0762
197010,0.0066,-0.0205,-0.0315,0.0297,-0.0354,-0.0375,-0.0174,0.0031,-0.008,-0.0588
197011,0.048,0.0684,0.0391,0.0489,0.0408,0.0611,0.0684,0.0297,0.0939,0.0376
197012,0.0745,0.0626,0.0801,0.0228,0.0443,0.0685,0.0545,0.0534,0.0713,0.0838
197101,0.0492,0.0375,0.0586,0.0039,0.0544,0.0975,0.0833,0.0492,0.0295,0.0778
197102,0.0379,0.0224,0.0126,0.0473,0.0278,-0.053,0.0369,0.0131,-0.0258,0.0224
197103,0.0447,0.0348,0.0408,0.0271,0.0808,0.0073,0.0688,0.0368,0.0239,0.0595
197104,0.0221,0.0854,0.0427,0.0434,0.0237,0.0082,0.0493,0.0423,-0.0354,0.0434
197105,-0.0305,-0.0435,-0.0227,-0.0468,-0.0611,-0.0521,-0.0177,-0.0213,-0.0369,-0.0453
197106,-0.0012,-0.0054,0.0038,0.0104,-0.0217,0.0105,0.0038,0.0205,0.0429,-0.0133
197107,-0.0213,-0.0528,-0.0488,-0.0215,-0.0859,-0.0369,-0.0353,-0.0217,-0.0215,-0.0387
197108,0.0313,0.1053,0.0635,-0.0116,0.0568,-0.0024,0.0618,0.0315,-0.0233,0.0699
197109,-0.0005,-0.0005,-0.0032,-0.0167,-0.0156,0.0027,0.0077,0.0066,-0.0149,-0.0041
197110,-0.0433,-0.0506,-0.0604,-0.043,-0.0435,-0.0183,-0.0342,-0.0247,0.0204,-0.0421
197111,-0.0038,0.0018,-0.0099,0.0002,0.0177,0.0043,0.0024,0.0069,-0.0122,-0.0028
197112,0.1052,0.062,0.0987,0.0883,0.1129,0.0755,0.1024,0.0779,0.0812,0.082
197201,0.0251,0.0338,0.0322,0.0016,0.0835,0.0101,0.0049,0.0263,-0.0032,0.0334
197202,0.0464,0.0057,0.0497,0.0261,0.0188,0.0024,0.0568,0.0712,-0.025,0.0225
197203,0.0009,0.043,0.0249,-0.0545,0.0109,-0.0033,0.0194,0.0046,-0.0014,0.0229
197204,0.019,-0.006,0.0198,-0.0066,0.0076,-0.0106,-0.0057,0.011,-0.028,0.0179
197205,0.004,-0.0121,0.0191,0.0362,0.0371,0.0124,0.0155,0.0371,-0.0017,-0.0064
197206,-0.0111,-0.0292,-0.0226,-0.0098,-0.0255,-0.0264,-0.0404,0.0254,-0.0156,-0.0452
197207,-0.0161,-0.0199,0.0047,-0.0109,0.0095,0.0074,-0.0249,0.031,0.0005,-0.0297
197208,-0.001,0.0376,0.0228,0.1241,0.0286,0.0518,-0.004,0.0105,0.0595,0.0354
197209,-0.026,-0.0092,-0.0122,-0.0021,-0.0116,0.0427,-0.0054,-0.0043,0.0018,-0.0175
197210,0.0002,-0.0235,0.0114,0.0312,-0.0333,0.0227,0.0083,0.015,0.0677,0.0113
197211,0.0687,0.081,0.0419,0.0619,0.0252,0.0704,0.0604,-0.0053,0.0639,0.0511
197212,0.0053,0.0175,0.0091,0.0105,0.0197,0.0145,0.017,0.0373,-0.0154,-0.0077
197301,-0.0471,-0.0668,-0.037,0.0502,0.0193,-0.0212,-0.0412,-0.0118,-0.0428,-0.0749
197302,-0.0436,-0.0603,-0.0231,-0.0736,-0.0302,-0.0464,-0.0651,-0.0071,-0.0198,-0.0608
197303,-0.0104,-0.0285,-0.0022,0.0312,-0.0122,0.0053,-0.0563,0.0078,-0.0216,-0.0029
197304,-0.0626,-0.0511,-0.0442,-0.0103,-0.0669,0.0086,-0.0856,-0.0548,-0.0058,-0.0781
197305,-0.0212,-0.043,-0.0114,-0.0345,-0.026,-0.0084,-0.0225,0.0107,0.0036,-0.0503
197306,-0.0348,-0.0261,-0.0035,0.0161,-0.0006,-0.0032,-0.0576,0.0002,-0.0247,-0.003
197307,0.075,0.0722,0.0664,0.0033,0.0493,-0.003,0.1115,0.0687,-0.0239,0.0961
197308,-0.0332,-0.0391,-0.0148,-0.0374,-0.0368,-0.0393,-0.0416,-0.0691,-0.0209,-0.0227
197309,0.0585,0.0784,0.0456,0.0928,-0.0282,0.0766,0.0722,0.0079,0.079,0.0723
197310,-0.0233,-0.045,0.0043,0.0523,0.0389,-0.0554,-0.0364,0.0183,-0.0338,-0.0109
197311,-0.1432,-0.1619,-0.1426,-0.0616,-0.1145,-0.0194,-0.1895,-0.0777,-0.1161,-0.1347
197312,-0.0163,-0.0377,0.0127,0.086,-0.0432,0.0453,-0.0025,-0.0448,0.0341,0.0249
197401,0.0237,0.0627,0.0041,-0.0752,0.0125,0.0201,0.0672,-0.0252,0.0455,0.0109
197402,0.0004,-0.0099,0,-0.0148,-0.0061,0.0475,0.008,-0.0123,0.0027,0.0101
197403,-0.0184,0.0004,-0.0076,-0.0333,-0.0274,-0.0458,-0.0308,0.0121,-0.0363,-0.0361
197404,-0.0374,-0.0395,-0.0206,-0.063,-0.0365,-0.0531,-0.02,-0.0148,-0.1219,-0.0639
197405,-0.0284,0.0052,-0.0252,-0.0748,-0.0426,-0.0152,0.0118,-0.0012,-0.0489,-0.0841
197406,-0.0058,-0.0271,-0.0041,-0.0027,-0.0294,0.003,-0.0272,-0.0162,-0.0617,-0.055
197407,-0.102,-0.1175,-0.0716,-0.0065,-0.0844,-0.0762,-0.1286,-0.1406,0.0079,-0.0664
197408,-0.1026,-0.067,-0.1015,-0.0854,-0.0489,-0.0004,-0.1313,-0.0811,-0.0862,-0.1063
197409,-0.1213,-0.1277,-0.1284,-0.0787,-0.1689,-0.0382,-0.1226,-0.1555,-0.0134,-0.096
197410,0.1564,0.041,0.1614,0.2097,0.1484,0.1085,0.1001,0.2952,0.13,0.2024
197411,-0.0384,-0.0468,-0.0592,-0.0417,-0.049,-0.0309,-0.0578,-0.012,-0.0015,-0.0276
197412,-0.006,-0.0386,-0.0447,0.008,-0.0532,0.0157,-0.0343,-0.0337,-0.0083,-0.0434
197501,0.1885,0.2131,0.1446,0.0651,0.1529,0.1111,0.2598,-0.0061,0.1884,0.1782
197502,0.041,0.0459,0.0802,0.0228,0.1319,0.0516,0.0518,0.1604,0.0092,0.0285
197503,0.0708,0.0669,0.0505,-0.0221,0.0102,-0.0085,0.1072,0.0128,-0.0134,0.0411
197504,0.0311,0.04,0.0957,0.0726,0.0553,-0.0095,0.026,0.0072,-0.0158,0.0329
197505,0.0518,0.0262,0.0282,0.1235,0.0588,0.0352,0.0399,0.0648,0.0845,0.057
197506,0.0539,0.1021,0.0356,0.0623,0.0228,0.0407,0.0741,0.0091,0.1077,0.0595
197507,-0.0539,-0.0206,-0.0591,-0.0417,-0.0939,-0.0422,-0.0739,-0.1203,-0.0478,-0.0613
197508,-0.0314,-0.0343,-0.008,-0.0093,-0.0297,-0.0359,-0.004,-0.0334,-0.013,-0.0512
197509,-0.0251,-0.0255,-0.058,-0.0116,-0.0084,-0.0125,-0.0347,-0.0654,-0.0097,-0.0631
197510,0.1056,0.0887,0.0567,-0.0139,0.0839,0.0681,0.0985,0.1068,0.0651,0.039
197511,0.0407,0.0339,0.0301,-0.0163,0.0503,0.0425,0.0465,0.0512,0.0312,0.0355
197512,-0.0151,-0.0039,-0.0131,0.0007,-0.0125,-0.0009,-0.0301,-0.0636,0.0133,-0.0029
197601,0.1101,0.1559,0.1685,0.0836,0.183,0.095,0.0899,0.0778,0.0837,0.1292
197602,-0.0106,0.0389,0.0173,-0.0315,0.0119,0.0356,0.0463,-0.0652,-0.0353,0.0313
197603,0.0072,0.0363,0.0115,0.0727,0.0298,0.0059,0.0345,0.0652,0.0142,0.0193
197604,-0.017,0.0189,-0.0142,0.0212,-0.034,0.0172,-0.0469,-0.0431,0.0065,-0.0156
197605,-0.0217,-0.0317,-0.0123,0.0549,0.0053,-0.0295,-0.0574,-0.0281,-0.0138,-0.0166
197606,0.0366,0.0425,0.037,0.0507,0.0822,0.0358,0.015,0.0366,0.0427,0.054
197607,0.015,-0.0107,-0.0186,-0.0066,-0.0221,0.0124,-0.0234,-0.0038,0.0282,-0.0004
197608,-0.0031,-0.0143,-0.0169,-0.0088,-0.0084,0.0473,0.0286,0.0217,0.0293,-0.0114
197609,0.0154,0.0452,0.0108,0.0598,0.0289,0.0161,0.0044,0.0362,0.041,0.0093
197610,-0.016,-0.0118,-0.0328,-0.0242,-0.0451,0.0127,-0.0093,-0.0375,-0.0084,-0.0046
197611,0.0174,-0.0075,-0.0037,0.0086,0.0166,0.0315,0.0482,-0.0969,0.0316,0.0205
197612,0.0523,0.097,0.0585,0.0627,0.0384,0.0346,0.0237,0.0626,0.0653,0.084
197701,-0.0407,-0.0414,-0.0601,0.0025,-0.0389,0.001,-0.0713,-0.0882,0.008,-0.0416
197702,-0.014,-0.035,-0.0063,-0.0295,-0.0064,0.0097,-0.0188,-0.0021,-0.034,-0.0175
197703,-0.014,-0.0337,-0.0034,-0.0208,-0.0004,-0.0103,-0.0274,-0.0179,0.0015,-0.001
197704,0.0053,0.0318,0.0056,0.0257,-0.0345,0.0067,-0.0341,-0.052,0.0195,0.0214
197705,-0.0094,-0.005,-0.0296,-0.004,-0.0147,0.0142,-0.0274,-0.0188,0.0167,-0.0085
197706,0.0452,0.0432,0.0341,0.0606,0.0778,0.0196,0.0604,0.0904,0.0572,0.0531
197707,0.0121,-0.0243,-0.0361,-0.0184,-0.0016,-0.0085,-0.0018,-0.0224,0.0087,-0.0035
197708,0.0011,-0.0087,-0.0125,-0.0572,0.0049,-0.0226,0.0461,0.0379,-0.0325,-0.0125
197709,0.0024,0.016,-0.0097,0.0078,-0.018,0.0347,-0.0066,-0.0084,0.0201,-0.0008
197710,-0.0335,-0.0447,-0.0459,-0.0359,-0.032,-0.0505,-0.0316,-0.0168,-0.0314,-0.0443
197711,0.0463,0.0194,0.0433,0.0345,0.0523,0.0221,0.0557,0.0602,0.043,0.0647
197712,-0.0001,-0.0065,0.0073,0.0185,0.024,0.0216,-0.0126,0.0059,-0.0032,0.0065
197801,-0.0529,-0.0686,-0.0606,-0.069,-0.0472,-0.0416,-0.0681,-0.0186,-0.0457,-0.0531
197802,0.0012,0.004,-0.0262,-0.011,-0.0347,0.0411,-0.0041,-0.03,-0.004,-0.0015
197803,0.0416,0.0611,0.0392,0.0203,-0.0069,0.0263,0.0292,0.0416,0.0248,0.0542
197804,0.0689,0.097,0.1146,0.0675,0.1331,0.0296,0.1079,0.092,0.0023,0.0934
197805,0.0424,0.0014,0.0413,0.0082,0.0162,-0.0038,0.0126,0.0525,0.0071,0.0254
197806,-0.0027,-0.0286,-0.0146,-0.0374,-0.0036,-0.0153,-0.0197,0.011,0.0082,-0.0026
197807,0.0355,0.0463,0.0784,0.0344,0.0858,0.0144,0.052,0.0887,0.0282,0.0655
197808,0.0412,0.0287,0.0393,0.0513,0.0601,0.0357,0.057,0.01,0.0047,0.0638
197809,-0.0037,-0.0045,-0.0209,0.0476,-0.0415,0.0122,-0.0265,-0.0275,-0.0026,-0.0126
197810,-0.1158,-0.1117,-0.1133,-0.1062,-0.1081,-0.0453,-0.1419,-0.1284,-0.0708,-0.1406
197811,0.022,0.0077,0.0286,0.0621,0.0507,0.0301,0.026,0.0518,0.0301,0.025
197812,0.0174,-0.0056,0.0144,0.0295,0.0645,0.001,-0.0057,0.0342,-0.0123,0.0132
197901,0.042,0.05,0.0652,0.032,0.043,0.0365,0.0572,0.0142,0.0635,0.0609
197902,-0.0351,-0.0354,-0.0448,0.0065,-0.0331,-0.0063,-0.0442,-0.0452,-0.0162,-0.0325
197903,0.0413,0.066,0.0735,0.093,0.0761,0.0017,0.0615,0.0505,0.0235,0.0817
197904,0.0022,0.0299,-0.0047,0.0431,0.0033,-0.0212,0.0083,0.0042,-0.0272,0.0151
197905,-0.0177,-0.0078,-0.0229,-0.0231,-0.0198,0.0009,-0.0239,-0.0264,0.0139,-0.0031
197906,0.0328,0.0299,0.0351,0.0919,0.0049,0.0195,0.03,0.0483,0.0499,0.0705
197907,0.0207,0.0205,0.0203,0.017,-0.0152,-0.0011,0.0118,0.0014,0.0212,0.033
197908,0.0755,0.0469,0.0771,0.0797,0.0594,0.0157,0.0885,0.0854,0.0205,0.0585
197909,-0.0191,0.0043,-0.0072,0.0584,-0.0176,-0.0239,-0.0075,-0.0054,-0.0214,-0.0065
197910,-0.0767,-0.0942,-0.0885,-0.0239,-0.0773,-0.0508,-0.0889,-0.0434,-0.058,-0.1015
197911,0.0515,-0.0236,0.0471,0.0893,0.0817,0.0405,0.0391,0.0875,0.0779,0.07
197912,0.0338,0.0339,0.0443,0.0268,0.0179,-0.0151,0.0307,0.0208,-0.0092,0.0418
198001,0.0312,0.0906,0.0706,0.1415,0.0737,-0.0205,0.0138,-0.0129,0.016,0.0551
198002,-0.048,-0.0631,-0.0252,0.1258,-0.0355,-0.0148,-0.0479,-0.0463,-0.0336,-0.0333
198003,-0.0816,-0.0874,-0.1173,-0.1779,-0.1266,-0.0264,-0.0876,-0.0284,-0.0667,-0.1226
198004,0.0652,-0.0191,0.032,0.0685,0.0072,0.073,0.0336,0.0428,0.1196,0.0606
198005,0.0788,0.0431,0.0624,0.0405,0.0482,0.0502,0.1067,0.0696,0.0461,0.0811
198006,0.0299,0.0279,0.0233,0.0581,0.0303,-0.0058,0.0237,0.0021,0.0454,0.0512
198007,0.0776,0.1176,0.1084,0.0167,0.1548,0.0102,0.1084,0.0889,-0.0012,0.0663
198008,0.0145,0.0146,0.0157,0.0379,0.0368,0.0631,0.0186,0.003,-0.0108,0.0265
198009,0.0021,0.0097,0.0285,0.068,0.02,-0.0159,0.0129,0.036,0.0017,0.0362
198010,0.0028,-0.0173,0.0044,0.0801,0.0194,-0.0324,-0.0115,-0.0129,0.0201,0.015
198011,0.0092,0.0478,0.0839,0.2456,0.098,0.0001,0.028,0.0881,0.0751,0.0748
198012,0.0104,-0.0116,-0.0206,-0.1087,-0.0117,0.0083,-0.0143,0.0461,-0.0202,-0.007
198101,0.02,-0.022,-0.0195,-0.1036,-0.0808,0.0553,0.0046,-0.0157,-0.0272,-0.0255
198102,0.0249,0.0641,0.0436,-0.0047,0.0049,0.0216,0.0264,0.0185,-0.0132,0.017
198103,0.0693,0.0707,0.0597,-0.0249,0.05,0.0116,0.1272,0.0587,0.0296,0.0844
198104,0.0115,0.0181,-0.0094,-0.0745,0.0015,0.0621,0.0302,0.03,-0.0258,0.0093
198105,0.0264,0.0288,-0.0037,-0.0401,0.0422,0.0714,0.0282,0.0347,0.0195,0.0251
198106,-0.002,-0.0421,-0.0132,0.0475,-0.0666,-0.0191,-0.0143,-0.0558,0.0345,-0.0097
198107,-0.0065,-0.0297,-0.0283,0.0786,-0.0377,0.0037,-0.0333,-0.0389,0.0281,-0.0268
198108,-0.051,-0.0785,-0.0686,-0.064,-0.0726,-0.008,-0.0532,-0.0775,-0.0083,-0.055
198109,-0.0218,-0.0297,-0.0715,-0.123,-0.0389,0.0281,-0.039,-0.0133,-0.0556,-0.0544
198110,0.0751,-0.0414,0.0367,0.1,0.0514,0.0603,0.0683,0.0795,0.0486,0.0714
198111,0.0269,0.0481,0.0453,0.0686,0.0153,0.0264,0.0105,0.0393,0.0591,0.0507
198112,-0.0179,0.0042,-0.0162,-0.0654,-0.0001,-0.0143,-0.0202,-0.0075,-0.0233,-0.0376
198201,-0.009,0.012,-0.033,-0.0858,0.0277,0.0067,0.0014,0.0145,-0.0069,-0.0325
198202,-0.0197,-0.0194,-0.0563,-0.1094,-0.0522,-0.057,-0.0137,-0.0181,-0.0045,-0.039
198203,0.0247,0.0365,-0.0175,-0.0361,-0.0358,0.0205,0.0411,-0.0257,0.0163,-0.0131
198204,0.0664,0.0449,0.0321,0.044,0.0743,-0.0017,0.0535,0.0733,0.0383,0.0372
198205,-0.0321,-0.0183,-0.047,0.0247,-0.0541,-0.0105,-0.0262,-0.0305,-0.005,-0.0546
198206,0.017,0.0271,-0.0256,-0.0647,-0.0233,-0.0255,0.0275,-0.0073,-0.0224,-0.0243
198207,-0.0046,-0.0039,-0.0231,-0.0795,0.0155,0.0117,0.0025,0.0085,-0.0261,-0.0307
198208,0.0921,0.1377,0.1395,0.0982,0.1278,0.1084,0.1255,0.1238,0.1191,0.1132
198209,0.0532,-0.0073,-0.0105,0.0195,0.0119,0.0105,0.048,0.0137,0.0109,0.0417
198210,0.1057,0.1656,0.1303,0.0561,0.1695,0.0818,0.1689,0.0835,0.0489,0.1566
198211,0.0515,0.0822,0.0585,-0.0439,0.1064,0.0602,0.1116,0.0531,0.001,0.0757
198212,0.0084,0.0313,0.0072,0.0547,0.0267,-0.0122,-0.021,0.0056,0.0429,-0.013
198301,-0.0102,0.0512,0.0497,0.0369,0.0839,0.1234,0.0133,0.0143,0.0364,0.0282
198302,0.0376,0.0356,0.0414,-0.0039,0.036,-0.0029,0.0793,0.028,0.0145,0.0464
198303,0.0739,-0.0107,0.0209,0.0599,0.0066,0.0071,0.0853,0.0463,0.003,0.0496
198304,0.0629,0.1102,0.0636,0.0946,0.0746,0.0513,0.0862,0.0512,0.0478,0.083
198305,-0.0088,-0.0214,0.0198,0.0129,0.0278,-0.0126,0.0047,-0.0266,0.0263,0.0245
198306,0.0297,0.1041,0.0158,0.0648,0.0613,0.0022,0.0609,0.0689,-0.0041,0.0164
198307,-0.0259,-0.0362,-0.0254,-0.0232,-0.0537,-0.0517,-0.0324,-0.0563,0.0104,-0.0369
198308,0.0064,-0.0248,0.0068,0.072,-0.0109,0.0219,-0.0471,-0.0108,0.0151,-0.0086
198309,0.0459,0.0444,0.0228,-0.0485,0.0215,0.0226,0.022,0.0128,0.0466,0.0163
198310,-0.0025,0.0036,-0.0231,-0.021,-0.0687,-0.0522,-0.0172,-0.0214,0.0307,-0.0401
198311,0.0226,0.0412,0.0647,-0.0057,0.0227,0.0317,0.0447,-0.03,-0.0157,0.0468
198312,-0.0046,0.0098,-0.0112,0.0191,0.0039,-0.0152,-0.0475,-0.036,-0.0363,-0.0086
198401,-0.0075,-0.054,-0.0353,0.0999,-0.0613,0.0406,-0.0588,-0.0061,0.0149,-0.0165
198402,-0.0572,-0.0608,-0.0664,0.0388,-0.0595,-0.037,-0.0445,-0.0199,-0.0336,-0.0489
198403,0.0156,0.0038,0.0332,0.0016,0.0185,-0.0421,0.0124,-0.007,-0.0023,0.0245
198404,0.0048,0.013,-0.0013,0.0407,-0.0043,0.0218,0.0028,0.0234,-0.004,-0.0206
198405,-0.024,-0.0557,-0.0574,-0.0506,-0.0551,-0.0349,-0.0512,-0.0645,-0.0083,-0.0685
198406,0.0632,0.0199,0.032,-0.0221,0.0177,0.1226,0.0738,0.0385,0.0047,0.0223
198407,-0.0173,0.0259,-0.0144,-0.0716,-0.0232,0.0289,0.0013,-0.0381,-0.0003,-0.018
198408,0.0878,0.1,0.1187,0.1375,0.1386,0.0715,0.0987,0.1029,0.0775,0.1116
198409,0.0127,-0.0014,-0.0255,0.0212,-0.039,0.0404,0.0007,-0.0439,0.0481,0.022
198410,0.0141,0.0216,0.0059,-0.0449,-0.0051,-0.0352,-0.0073,0.016,0.0331,0.0073
198411,0.0032,-0.0299,-0.0132,-0.01,-0.0384,0.0047,-0.0287,-0.0004,0.0303,-0.003
198412,0.0246,0.0459,0.0217,-0.0056,0.0244,0.0532,0.0076,0.0284,0.0263,0.037
198501,0.0501,0.0981,0.0845,0.0651,0.1256,0.0525,0.1317,0.0824,0.024,0.0981
198502,0.0505,-0.0158,0.0137,0.0381,-0.0131,0.0337,0.0208,0.0361,0.0139,0.0215
198503,0.047,-0.0524,-0.0277,0.0156,-0.0602,0.0446,-0.0058,0.03,0.0612,-0.0016
198504,-0.0211,-0.0345,-0.0148,0.0387,-0.0361,-0.0071,0.0011,-0.017,0.0162,0.0147
198505,0.079,0.0594,0.0608,0.0065,0.0288,0.0835,0.0961,0.0954,0.055,0.0636
198506,0.0273,0.0151,0.0153,-0.0079,-0.0072,0.045,0.0158,0.0232,0.0362,0.0295
198507,-0.0259,0.024,0.0343,-0.0031,0.0447,-0.0456,-0.0398,-0.0046,-0.047,-0.0014
198508,0.0077,-0.0262,-0.0114,0.0141,-0.0252,0.0053,-0.0058,-0.0081,0.0192,-0.0045
198509,-0.0063,-0.0326,-0.0397,-0.0134,-0.0475,-0.0417,-0.0428,-0.0392,-0.0531,-0.0492
198510,0.0358,0.0087,0.0328,0.0625,0.0305,0.0404,0.0684,0.0316,0.0631,0.0638
198511,0.0848,0.0998,0.0795,0.0054,0.0865,0.0739,0.0797,0.0975,0.0424,0.0741
198512,0.054,0.0718,0.0452,-0.031,0.0827,0.0619,0.0453,0.035,0.0485,0.0449
198601,0.0185,0.022,0.016,-0.0683,-0.0026,-0.0395,0.0166,0.0109,0.0378,0.0354
198602,0.1081,0.1092,0.1021,0.0075,0.0498,0.0739,0.0779,0.0613,0.0656,0.0833
198603,0.0804,0.0791,0.0602,0.0019,-0.0008,0.0382,0.0857,0.1202,0.0395,0.0578
198604,0.0043,-0.0355,-0.0176,0.0069,0.0392,0.0244,0.0031,0.007,-0.039,-0.0264
198605,0.0886,0.0318,0.0441,0.0735,0.0097,0.0481,0.0991,0.0727,0.0363,0.0463
198606,0.0626,-0.0126,-0.0004,-0.0229,-0.0399,0.0542,0.0391,0.0564,0.0507,0.0154
198607,-0.057,-0.0904,-0.0721,-0.0518,-0.0833,-0.0302,-0.0955,-0.0532,0.0513,-0.0641
198608,0.0262,0.0752,0.0625,0.1656,0.0698,0.0687,0.0168,0.0401,0.0791,0.069
198609,-0.1082,-0.0818,-0.0677,-0.0092,-0.0706,-0.0929,-0.0846,-0.1254,-0.0909,-0.0879
198610,0.0886,0.0648,0.0656,0.0193,0.0062,0.0466,0.0738,0.0794,0.0524,0.0426
198611,0.0074,0.0483,0.0279,0.0327,0.0353,0.0394,0.0181,0.0136,0.0055,-0.0062
198612,-0.0319,-0.0219,-0.0192,-0.0048,-0.0368,-0.0372,-0.0625,-0.0124,-0.033,-0.0253
198701,0.1451,0.1881,0.1452,0.1411,0.1646,0.0531,0.1176,0.1316,0.093,0.1114
198702,0.0562,0.0347,0.0487,-0.0165,0.0942,0.0004,0.0981,0.1124,-0.0214,0.0467
198703,0.0107,0.0463,0.0338,0.1234,0.0267,0.0143,0.0172,0.0017,-0.0167,-0.0029
198704,-0.0366,0.0408,-0.0145,0.0028,0.0438,-0.0242,-0.027,-0.0245,-0.0432,-0.0407
198705,0.0258,-0.0141,0.0027,0.0295,0.0029,0.0333,-0.0004,0.0124,-0.0185,-0.0004
198706,0.0682,0.0298,0.0508,0.0604,0,0.0704,0.0627,0.0478,0.0339,0.0462
198707,0.0569,0.0696,0.0712,0.0317,0.0103,0.0601,0.0573,0.0577,-0.0168,0.0358
198708,0.0373,0.0568,0.0279,0.0192,0.0741,0.0511,0.0335,0.0221,0.0371,0.0435
198709,-0.0274,-0.0398,0.0024,-0.0384,-0.0271,0.0299,-0.0637,-0.0254,-0.0231,-0.0179
198710,-0.2102,-0.2694,-0.2735,-0.1841,-0.2592,-0.1239,-0.2807,-0.2045,-0.0693,-0.236
198711,-0.0802,-0.0851,-0.0516,-0.1056,-0.0981,-0.0894,-0.0846,-0.0931,-0.0252,-0.0661
198712,0.0753,0.086,0.1085,0.0678,0.1187,0.0427,0.0856,0.0534,0.0057,0.054
198801,0.0301,0.0448,0.0036,0.0845,-0.0245,0.0977,0.0558,0.0636,0.0977,0.0639
198802,0.0601,0.0627,0.076,0.036,0.0747,0.0132,0.1025,0.042,-0.0142,0.0432
198803,-0.0152,-0.0417,-0.0131,0.0261,-0.0467,-0.0383,-0.0111,-0.0252,-0.0318,-0.0135
198804,-0.0009,0.029,0.016,0.0464,0.026,0.0068,0.0166,-0.02,-0.0029,-0.0036
198805,-0.0029,0.0123,-0.0034,-0.0042,-0.0132,0.0217,-0.0142,-0.0025,0.0359,0.0095
198806,0.0342,0.0826,0.0751,-0.021,0.0941,0.0301,0.0656,0.0268,0.0322,0.0602
198807,0.0162,-0.0082,-0.0234,0.0363,-0.0511,0.0001,-0.0082,0.0049,-0.0026,-0.0059
198808,-0.0022,-0.0668,-0.0441,-0.015,-0.0819,-0.0307,-0.026,-0.0104,-0.0013,-0.0093
198809,0.0649,0.039,0.0343,-0.0248,0.0283,0.0736,0.0823,0.0386,0.0272,0.0413
198810,0.0817,0.0333,0.0069,0.0189,0,0.0279,0.016,0.0122,0.0253,-0.0001
198811,-0.0114,-0.0094,-0.0216,-0.0029,-0.0315,0.0033,-0.0281,-0.0217,-0.0046,-0.0209
198812,0.0351,0.0026,0.0314,0.0186,0.0489,0.0162,0.0156,0.0182,0.0101,0.0096
198901,0.0564,0.0761,0.075,0.0623,0.0709,0.0895,0.0629,0.0678,0.0276,0.0689
198902,-0.014,-0.0299,-0.0209,-0.0127,-0.0376,-0.0122,-0.0186,-0.0115,-0.0182,-0.0041
198903,0.0543,-0.0141,0.012,0.0393,-0.055,0.0557,0.028,0.0494,0.0056,0.0341
198904,0.0573,0.0047,0.0537,0.0251,0.0518,0.0962,0.0555,0.0541,0.0391,0.0468
198905,0.0538,0.023,0.0362,0.0267,0.0246,0.0579,0.0535,0.0341,0.0535,0.0418
198906,0.0148,0.0127,-0.0269,-0.0099,-0.0326,-0.0003,-0.0204,-0.0272,0.0341,0.0084
198907,0.1199,0.0511,0.0764,0.0378,0.0294,0.0855,0.0917,0.139,0.058,0.0816
198908,-0.0199,0.0543,0.0442,0.035,0.0253,0.0103,0.0264,0.0037,-0.008,0.0336
198909,-0.0054,-0.046,-0.0254,0.0137,-0.027,0.0382,-0.0231,0.0241,0.0048,0.0135
198910,-0.0249,-0.057,-0.0436,0.0078,-0.0442,-0.0206,-0.0409,0.0039,0.01,-0.0484
198911,0.0168,-0.0118,0.0307,0.0398,-0.0181,0.0199,0.0126,0.0454,0.0323,-0.0003
198912,0.0136,-0.0145,0.0297,0.06,-0.0109,0.0571,0.0117,0.0105,0.0479,-0.0146
199001,-0.0943,-0.0384,-0.0633,-0.043,-0.0128,-0.1339,-0.0643,-0.0736,-0.0535,-0.0887
199002,-0.0039,0.0513,0.0256,0.031,0.0411,-0.0035,0.0199,-0.0206,0.0021,0.0252
199003,0.0454,0.029,0.0392,-0.0057,0.0446,0.0418,0.0511,0.0385,-0.0075,-0.0026
199004,-0.0027,-0.0404,-0.0273,-0.0354,-0.02,-0.0346,-0.021,0.0029,-0.0551,-0.0346
199005,0.0904,0.0776,0.0808,0.0603,0.1254,0.0938,0.1165,0.1277,0.0543,0.091
199006,0.0203,-0.0225,-0.0059,-0.0204,-0.0117,-0.0471,0.0149,0.0443,0.0075,-0.0164
199007,-0.0081,-0.0348,0.0018,0.0832,-0.0743,-0.0458,-0.0408,0.026,0.0089,-0.0346
199008,-0.0736,-0.1427,-0.1211,-0.0125,-0.1203,-0.1074,-0.1217,-0.068,-0.0664,-0.1138
199009,-0.0411,-0.1058,-0.0801,-0.0157,-0.0665,0.0127,-0.0873,-0.0435,0.0048,-0.1
199010,0.0245,-0.0322,-0.0189,-0.0404,-0.0351,0.028,-0.0309,0.0142,0.0724,-0.0636
199011,0.0656,0.041,0.0741,0.0162,0.1119,0.031,0.1037,0.0949,0.0229,0.1065
199012,0.0441,-0.0044,0.0494,-0.02,0.0416,0.0174,0.0335,0.0278,0.008,0.0546
199101,0.0515,0.0729,0.0646,-0.0205,0.1497,0.0019,0.0935,0.0454,-0.0137,0.0748
199102,0.1029,0.1023,0.0587,0.0852,0.0641,0.0342,0.083,0.0987,0.0484,0.0968
199103,0.0478,0.0116,0.0138,0.0132,0.0075,0.0233,0.0858,0.0542,0.0171,0.031
199104,-0.0097,-0.0235,0.0053,0.0246,-0.029,0.0112,0.0197,-0.0114,-0.0004,0.0128
199105,0.036,0.1472,0.0748,-0.0141,0.0361,-0.0145,0.0765,0.0465,0.0015,0.0496
199106,-0.0495,-0.0446,-0.0426,-0.0365,-0.0881,-0.019,-0.0429,-0.0418,-0.0236,-0.0522
199107,0.0567,-0.0041,0.0313,0.0507,0.0462,0.032,0.0533,0.0846,0.0399,0.047
199108,0.054,-0.0213,0.0191,0.0171,0.0281,0.0083,0.0362,0.0288,0.0352,0.0311
199109,-0.0325,-0.0268,-0.0228,-0.0071,-0.013,0.0054,-0.0325,-0.0036,0.0373,-0.0057
199110,-0.006,-0.0199,0.0148,0.0206,0.0199,0.021,-0.0195,0.0663,0.0123,0.0232
199111,-0.0052,-0.0797,-0.0554,-0.077,-0.0437,-0.0493,-0.0125,-0.0259,0.0189,-0.054
199112,0.1463,0.0764,0.1156,0.0207,0.0912,0.0982,0.1297,0.1654,0.05,0.1262
199201,-0.0305,0.1049,0.0232,-0.0412,0.0664,-0.0261,0.0036,-0.0555,-0.0458,0.0206
199202,0.011,0.1228,0.0219,-0.0052,0.0386,-0.0121,0.0259,-0.0264,-0.0124,0.0313
199203,-0.0156,0.0079,-0.0117,-0.0279,-0.0516,-0.0098,-0.0139,-0.0547,-0.0053,-0.0215
199204,0.0074,0.079,0.03,0.0949,-0.0101,0.0684,-0.0348,-0.0216,0.0269,0.0052
199205,0.0138,-0.0192,-0.0066,0.0318,0.0002,-0.017,0.0023,0.0113,0.0253,0.0151
199206,-0.0288,0.0215,-0.0323,-0.0351,-0.0408,0.0123,-0.0192,-0.0472,0.0054,-0.0001
199207,0.0467,0.0043,0.0297,0.0533,0.0299,0.0537,0.0383,0.058,0.0669,0.0318
199208,0.0085,-0.0946,-0.0349,0.026,-0.0453,-0.0105,-0.0056,-0.0337,-0.0049,-0.0341
199209,0.011,0.0027,0.0184,0.0014,0.0336,0.0181,0.0408,-0.0497,0.0083,0.0347
199210,-0.0085,0.0007,0.009,-0.0346,0.0212,-0.0054,0.0437,0.0335,-0.0043,0.0298
199211,0.0365,0.0864,0.0397,-0.0268,0.0633,0.0429,0.0716,0.0483,-0.0024,0.0601
199212,0.0008,0.0339,0.0141,0.0191,0,0.0557,0.0064,-0.0136,0.0271,0.0386
199301,-0.0078,0.0945,0.0014,0.0277,0.0484,0.0116,0.0011,-0.0684,0.0245,0.0328
199302,-0.0205,-0.0028,0.0166,0.0596,-0.0034,0.0572,-0.015,-0.0896,0.0621,0.004
199303,0.0001,0.0549,0.022,0.0411,0.0222,0.0326,0.0282,0.0074,0.0176,0.0393
199304,-0.0924,0.0232,0,0.0115,-0.0368,-0.0287,-0.0813,0.0131,-0.0014,-0.032
199305,0.0267,0.0112,0.0237,0.0176,0.0878,0.0423,0.0587,0.0358,-0.0005,0.0171
199306,-0.0075,0.0331,-0.0032,-0.0113,-0.0042,0.0464,-0.0288,-0.0299,0.0318,0.0219
199307,-0.0236,0.0168,-0.0011,0.0049,-0.0388,0.0215,0.0071,-0.0594,0.0194,0.0205
199308,0.0428,0.005,0.0343,0.0422,0.064,0.0547,0.0397,0.0313,0.0368,0.0343
199309,-0.0179,0.0082,-0.0193,0.0138,0.0132,-0.0048,-0.0027,0.0088,-0.0064,0.0171
199310,0.0609,0.0751,0.0311,-0.0194,0.0162,0.0259,0.0474,0.0594,-0.0196,-0.023
199311,0.0067,0.0084,0.0133,-0.0594,0.0001,-0.0604,0.0064,0.011,-0.0552,-0.0278
199312,0.0146,0.0451,0.0373,0.006,0.0298,-0.0044,-0.0182,0.0245,0.0161,0.0262
199401,-0.0044,0.0696,0.0485,0.049,0.0472,0.0201,0.0103,0.0198,-0.0122,0.0441
199402,-0.0128,-0.0436,-0.0065,-0.0294,0.0166,-0.0553,0.0192,-0.0557,-0.0496,-0.0388
199403,-0.0405,-0.0642,-0.0445,-0.0358,-0.0389,-0.0374,-0.0481,-0.0668,-0.0393,-0.0425
199404,0.0122,-0.0045,0.0006,0.0417,-0.0159,0.0142,0.002,0.023,0.0212,0.0127
199405,-0.0133,-0.0277,0.0206,0.0092,0.0208,0.0166,-0.0181,0.0443,-0.0535,0.03
199406,-0.0183,-0.0344,-0.0257,-0.0273,-0.0523,0.0071,-0.0267,-0.0375,-0.0314,-0.0264
199407,0.0294,0.0368,0.0456,0.0326,0.0387,0.032,0.0086,0.0108,0.0517,0.0269
199408,0.0603,-0.0025,0.0473,-0.0012,0.0928,0.0116,0.0457,0.1082,0.0066,0.0351
199409,-0.0034,-0.0507,-0.0166,-0.0209,-0.0049,-0.011,-0.0237,0.0172,-0.0278,-0.042
199410,0.0216,-0.0149,0.0058,0.074,0.0723,-0.0008,0.0124,0.0091,0.0157,0.0005
199411,-0.0167,-0.0511,-0.0543,-0.0483,-0.0214,-0.0545,-0.0341,0.0047,0.0027,-0.0516
199412,0.0132,0.0385,0.0406,-0.0101,0.025,0.009,-0.0285,0.0058,0.0035,0.0142
199501,0.0185,-0.0582,-0.0039,0.0038,-0.0082,0.042,0.0153,0.0618,0.0622,0.0468
199502,0.0299,0.0506,0.0555,0.0449,0.0675,0.0151,0.0273,0.0224,0.0082,0.0487
199503,0.0273,0.0144,0.0346,0.0528,0.0452,0.0028,0.0352,0.0278,-0.0175,0.0193
199504,0.0184,0.0146,0.0297,0.0225,0.0829,0.0159,-0.0169,0.0302,0.0238,0.0169
199505,0.0472,0.0483,0.0319,0.0409,0.0308,0.0063,0.0268,0.0163,0.0603,0.0448
199506,0.0169,0.0082,0.0208,-0.0308,0.098,0.0386,0.0493,0.0449,-0.0046,0.022
199507,0.0125,0.0265,0.035,0.023,0.0791,0.0515,0.0354,0.0539,-0.0038,0.0484
199508,0.0068,0.0072,-0.0021,-0.0159,-0.0008,0.0432,-0.0274,0.0107,0.0099,0.0367
199509,0.0669,-0.0052,0.0223,0.0129,0.0128,0.0564,0.0282,0.0748,0.0629,0.0452
199510,0.0036,-0.0478,-0.0269,-0.0026,0.0145,-0.0012,-0.0545,0.0111,0.0149,-0.0206
199511,0.0452,0.0545,0.0648,0.0477,-0.0069,0.0281,0.0615,0.0499,0.0156,0.0613
199512,0.017,0.0315,0.0154,0.058,-0.0421,0.0394,-0.008,0.0591,0.0508,0.0108
199601,0.0267,0.035,0.0334,-0.004,0.0195,0.0232,-0.0035,0.0604,0.0186,0.0355
199602,0.0312,0.0202,0.0092,0.0104,0.0633,-0.0219,0.0439,-0.0112,-0.0263,0.0217
199603,-0.0094,0.0428,0.0353,0.0499,-0.0343,-0.0187,0.0598,0.0019,-0.0052,0.0175
199604,0.001,0.0354,0.0164,0.0342,0.1001,0.027,0.0426,-0.0061,-0.0268,0.0026
199605,0.0656,0.0225,0.0234,0.0047,0.0385,0.0005,0.0441,0.0394,0.0133,0.0153
199606,0.0324,-0.0493,-0.0043,0.0096,-0.0492,0.0042,-0.0165,-0.0023,0.0526,-0.0029
199607,-0.041,-0.0445,-0.0399,-0.0461,-0.0737,-0.0854,-0.0756,-0.0607,-0.0582,-0.0429
199608,-0.0075,0.0308,0.0327,0.0291,0.044,-0.0093,0.0583,0.0422,0.0289,0.039
199609,0.0368,0.0117,0.061,0.0402,0.1063,0.0153,0.0356,0.0733,0.0067,0.0507
199610,0.0178,0.0374,0.0161,0.059,-0.0196,-0.0072,-0.0223,-0.0071,0.0361,0.0395
199611,0.0513,0.0586,0.0604,0.0551,0.1193,0.0565,0.0308,0.0667,0.0261,0.0752
199612,0.0051,-0.0241,-0.0039,0.008,-0.027,0.0264,-0.0347,-0.0265,0.0015,-0.0176
199701,0.0558,0.0283,0.042,0.0436,0.0933,0.0234,0.0016,0.0952,0.009,0.0603
199702,0.0409,0.0056,0.0078,-0.0567,-0.0734,0.0229,0.0306,0.0097,-0.0055,0.026
199703,-0.0512,-0.0325,-0.0373,0.0526,-0.0566,-0.0759,-0.0131,-0.0736,-0.0276,-0.0589
199704,0.0519,0.0396,0.0533,0.0006,0.077,0.0254,0.0222,0.0619,-0.014,0.052
199705,0.0589,0.0628,0.0781,0.073,0.1016,0.0664,0.0605,0.0688,0.0378,0.0621
199706,0.0353,0.0343,0.0519,0.0131,0.0147,0.0378,0.0505,0.0888,0.0305,0.0538
199707,0.0335,0.0746,0.0716,0.0744,0.1596,0.0269,0.0775,0.0204,0.028,0.093
199708,-0.0625,0.0137,-0.0554,0.0027,-0.013,-0.0248,-0.0257,-0.0613,-0.0116,-0.0474
199709,0.0556,0.0534,0.0332,0.0628,0.0347,0.0965,0.0517,0.066,0.0464,0.0792
199710,-0.0314,-0.033,-0.0589,-0.02,-0.0842,0.0307,-0.0217,0.0016,0.0092,-0.0267
199711,0.0645,-0.0163,0.0422,-0.0354,0.0146,0.105,0.0536,0.0284,0.0715,0.0302
199712,0.0378,0.041,-0.0024,-0.0146,-0.0418,0.0452,-0.0024,0.0355,0.0795,0.0526
199801,-0.0289,0.0055,0.0073,-0.0573,0.0525,0.0471,0.0091,0.0573,-0.0439,-0.0208
199802,0.0514,0.1228,0.0713,0.0683,0.1042,0.0266,0.104,0.0547,0.0264,0.0813
199803,0.0572,0.0624,0.0487,0.0478,0.0133,0.098,0.0654,0.0361,0.0677,0.058
199804,-0.031,0.0099,0.0124,0.0379,0.0509,-0.0305,-0.0037,0.019,-0.0251,0.0181
199805,0.0108,0.072,-0.0247,-0.0421,-0.0695,-0.0152,0.0214,-0.0246,-0.0088,-0.0309
199806,0.038,0.018,-0.0057,-0.0133,0.0873,0.0319,0.0479,0.0616,0.0284,0.0308
199807,-0.0407,-0.0132,-0.0573,-0.0669,0.0047,0.0379,-0.0312,-0.0022,-0.0535,-0.0176
199808,-0.13,-0.1917,-0.143,-0.1037,-0.176,-0.1181,-0.1423,-0.1225,0.0229,-0.2149
199809,0.013,0.0155,0.0052,0.1304,0.1518,0.1014,0.0147,0.1201,0.0796,0.027
199810,0.108,0.1171,0.1125,0.0127,0.0635,0.0672,0.1064,0.0385,-0.0177,0.0891
199811,0.0633,0.0484,0.0362,0.0047,0.1161,0.0368,0.0949,0.0617,0.0135,0.0619
199812,0.0051,0.0426,0.0238,-0.0115,0.1525,0.1435,0.09,0.0502,0.0282,0.0346
199901,-0.0341,0.0543,0.0054,-0.0551,0.1509,0.0871,0.024,0.0024,-0.0627,0.011
199902,-0.0379,-0.0431,-0.0197,-0.0316,-0.1146,-0.0291,-0.0149,0.0023,-0.0377,0.0002
199903,-0.0196,-0.0084,0.0478,0.154,0.0851,-0.0069,0.0283,0.0256,-0.0171,0.0247
199904,0.0375,0.1033,0.0935,0.1589,0.0237,0.0829,0.0054,-0.0554,0.0718,0.0669
199905,0.0141,-0.0554,-0.032,-0.0313,-0.0067,0.0104,-0.029,-0.0204,0.0673,-0.0376
199906,0.0033,0.0059,0.0453,-0.0147,0.1172,0.0584,0.0787,0.045,-0.0429,0.0319
199907,-0.0247,-0.0598,-0.013,0.0157,-0.018,-0.0161,-0.0507,-0.0444,-0.0048,-0.0603
199908,-0.0462,0.0115,-0.0056,0.0181,0.0545,-0.0758,-0.0597,0.0373,0.0055,-0.0521
199909,-0.0676,-0.0776,-0.0309,-0.0386,-0.0021,0.0443,0.0147,-0.0709,-0.0437,-0.0437
199910,0.0646,0.0447,0.0574,-0.0155,0.0325,0.095,0.0337,0.1079,0.0224,0.1131
199911,-0.0122,-0.0196,-0.0108,0.0374,0.1287,0.0434,0.0427,0.0149,-0.0739,-0.023
199912,-0.025,0.0289,0.1026,0.006,0.2076,0.0418,0.0666,-0.0564,-0.0224,0.0146
200001,-0.0478,-0.0086,-0.0867,0.0091,-0.047,-0.0398,-0.1136,0.0754,0.0606,-0.0469
200002,-0.0619,-0.08,-0.0394,-0.0566,0.1818,-0.0347,-0.0374,-0.0292,-0.0726,-0.0712
200003,0.0776,0.1052,0.0748,0.1209,0.0395,0.0752,0.1332,0.003,0.0577,0.1408
200004,-0.0182,0.0929,0.0145,-0.0192,-0.1069,-0.0787,-0.0447,0.0528,0.076,-0.0312
200005,0.0722,-0.1323,-0.0166,0.0954,-0.1084,-0.1043,-0.0277,0.0395,0.039,0.034
200006,0.0239,-0.0947,-0.0126,-0.0535,0.1303,0.0419,-0.0231,0.1152,-0.0476,-0.0294
200007,0.0078,0.0461,-0.0154,-0.0256,-0.0516,-0.0736,-0.0134,-0.0616,0.0443,0.0549
200008,-0.0181,0.0457,0.0699,0.0872,0.1255,-0.0104,-0.0234,0.0354,0.1173,0.0915
200009,0.0346,-0.041,-0.0579,0.0454,-0.1499,-0.0402,0.0282,0.0371,0.0963,0.0025
200010,0.0764,0.0188,0.0423,-0.0288,-0.0723,-0.0035,-0.0162,0.0262,-0.0225,-0.011
200011,0.0279,-0.1121,-0.0336,-0.0252,-0.2331,-0.1559,-0.0136,0.0081,0.031,-0.0612
200012,0.0547,0.0107,0.073,0.0761,-0.0792,-0.0423,0.057,0.0353,0.0658,0.072
200101,-0.0192,0.132,-0.0101,-0.034,0.1646,0.1427,0.0652,-0.0896,-0.1077,0.0017
200102,0.0018,-0.0125,-0.0366,0.0005,-0.2591,-0.0995,-0.0534,-0.0048,0.0624,-0.0441
200103,-0.0465,-0.0306,-0.0618,-0.0014,-0.1359,-0.0586,-0.0282,-0.0844,0.0164,-0.0429
200104,0.0091,0.0844,0.0743,0.1007,0.1793,0.0267,0.0563,0.0398,0.0546,0.0594
200105,0.0336,-0.0232,0.0251,0.0011,-0.0329,-0.0132,0.0151,0.0302,0.0001,0.0366
200106,-0.0162,0.0348,-0.0447,-0.0749,0.0143,-0.0307,-0.0251,-0.0287,-0.0622,0.0005
200107,-0.0019,0.0321,0.0051,-0.0223,-0.0756,-0.0073,0.0454,0.0233,-0.038,-0.0226
200108,0.0251,-0.1136,-0.0192,-0.0348,-0.1262,-0.0926,-0.0696,-0.0311,0.0068,-0.0541
200109,-0.0257,-0.1691,-0.1276,-0.056,-0.1893,-0.0246,-0.0957,-0.0058,-0.061,-0.0822
200110,0.0108,0.0091,0.0387,0.0463,0.1567,-0.0942,0.0156,0.0118,0.0136,-0.0081
200111,0.0208,0.1552,0.0835,-0.0407,0.1589,0.0603,0.0976,0.0504,-0.0132,0.0753
200112,0.0202,-0.0095,0.0266,0.0592,-0.0059,0.0275,0.0432,-0.0289,0.0424,0.0344
200201,0.0192,0.029,0.0165,-0.0285,-0.0054,-0.0722,0.0258,-0.0236,-0.0403,-0.0159
200202,0.0436,0.0311,0.043,0.0545,-0.1311,-0.0239,-0.0012,-0.0049,-0.0038,-0.0016
200203,0.0374,0.069,0.0496,0.0763,0.0642,0.0033,0.0212,0.0046,0.0998,0.0531
200204,0.0266,0.0175,-0.0147,-0.046,-0.1171,-0.127,-0.0168,-0.0757,0.001,-0.0299
200205,0.0144,-0.002,-0.0031,-0.0076,-0.0377,0.0298,-0.015,-0.0223,-0.0599,-0.006
200206,-0.0579,-0.0811,-0.031,-0.0004,-0.1216,-0.1439,-0.0511,-0.096,-0.0528,-0.0491
200207,-0.0672,-0.123,-0.0842,-0.1179,-0.0962,-0.1169,-0.1144,-0.0255,-0.12,-0.0646
200208,0.0249,0.004,-0.013,0.0058,-0.0089,0.0034,0.0189,0.0065,0.0342,0.0091
200209,-0.0768,-0.1109,-0.0826,-0.0815,-0.1668,-0.0932,-0.0943,-0.0586,-0.108,-0.1074
200210,0.0522,-0.0327,0.0381,0.032,0.1929,0.2134,0.0568,0.0569,-0.0063,0.0641
200211,-0.0127,0.1209,0.0611,0.0306,0.161,0.1183,0.0194,0.0371,0.0157,0.045
200212,0,-0.0731,-0.0375,0.0084,-0.1294,-0.0907,-0.0693,-0.0405,0.0385,-0.0499
200301,-0.0478,-0.0327,-0.0403,-0.025,-0.015,-0.0348,-0.0474,-0.0059,-0.0324,-0.0225
200302,-0.0311,-0.0507,-0.0226,0.0191,0.013,-0.0644,-0.012,-0.0194,-0.0394,-0.0254
200303,-0.0267,-0.0277,0.014,0.0151,-0.0095,-0.0057,0.0463,0.0379,0.043,0.0091
200304,0.047,0.152,0.0636,-0.0046,0.0925,0.1117,0.0896,0.0432,0.0728,0.1166
200305,0.0922,0.0284,0.0461,0.0861,0.097,0.0622,0.0342,0.039,0.101,0.0523
200306,0.0157,0.0268,0.0051,-0.0098,0.0026,0.0196,0.0343,0.0412,0.0073,0.0088
200307,-0.0233,0.0654,0.0495,-0.0257,0.0567,-0.0163,0.0332,0.006,-0.0519,0.036
200308,0.0066,0.0781,0.0411,0.0613,0.0606,0.0136,0.0676,-0.0254,0.0192,0.0053
200309,0.0111,-0.0414,-0.0369,-0.0215,-0.0091,-0.0566,-0.0453,0.0024,0.0387,0.0034
200310,0.0559,0.0704,0.0888,0.0164,0.0825,0.0669,0.0903,0.0073,0.0155,0.0647
200311,0.0378,0.031,0.0209,0.0063,0.0187,-0.006,0.0057,0.0163,0.0095,0.0101
200312,0.0331,0.1234,0.0672,0.1356,0.0216,0.0735,-0.0213,0.0569,0.0581,0.0436
200401,0.0013,-0.0122,-0.0064,0.0024,0.0447,0.0143,0.0045,0.0304,0.0191,0.0275
200402,0.0428,-0.0012,0.02,0.0453,-0.0293,-0.0077,0.0608,0.0091,0.0209,0.0198
200403,-0.003,-0.0119,-0.0026,-0.0002,-0.025,-0.0241,0.003,-0.039,0.0118,-0.0061
200404,0.0151,0.0236,-0.0016,0.0262,-0.0488,-0.0049,-0.0268,0.0358,-0.0352,-0.0387
200405,-0.0219,-0.0163,0.0162,0.0063,0.048,-0.0289,0.0027,-0.0038,0.0125,0.0194
200406,0.0187,0.0504,0.0535,0.0537,0.0267,0.006,0.0007,-0.0038,0.0203,0.0144
200407,-0.0583,-0.0464,-0.0407,0.0335,-0.085,-0.0133,-0.0398,-0.0587,0.0105,-0.0241
200408,0.0082,-0.0222,0.0135,-0.0134,-0.0454,0.013,-0.0115,0.0167,0.0367,0.0195
200409,-0.0176,0.023,0.0191,0.0877,0.0343,0.0134,0.0258,-0.0142,0.0138,0.0125
200410,0.0286,-0.03,-0.0138,0.0063,0.0515,0.0335,0.0308,-0.024,0.0425,0.0119
200411,0.0452,0.0728,0.0716,0.0652,0.0575,0.0353,0.0361,0.0066,0.0489,0.0492
200412,0.048,0.0487,0.0256,-0.0227,0.031,0.0428,0.0343,0.0566,0.0248,0.0442
200501,-0.0008,-0.0702,-0.0174,0.0298,-0.0633,-0.0417,-0.0108,-0.0405,0.0178,-0.0245
200502,0.0061,-0.0024,0.0406,0.1936,0.0005,-0.0029,0.0086,0.0248,0.0235,0.002
200503,-0.0088,-0.0798,-0.0142,-0.035,-0.0252,-0.0012,0,-0.0041,0.0064,-0.0238
200504,-0.0102,-0.1113,-0.0475,-0.0564,-0.0446,-0.0198,-0.0535,0.0395,0.0214,-0.0162
200505,0.0226,0.0882,0.0292,0.0207,0.0823,0.0146,0.0639,0.0145,0.0163,0.0334
200506,-0.0161,0.0208,-0.0114,0.0571,-0.0166,0.0017,0.0246,-0.0057,0.0557,0.0143
200507,0.0237,0.0542,0.0578,0.0612,0.0605,0.0298,0.0584,0.0373,0.0296,0.0249
200508,0.0003,-0.0292,-0.0145,0.057,-0.004,-0.0113,-0.0556,-0.0033,0.0123,-0.0172
200509,0.0005,-0.0513,0.0078,0.0726,0.0075,-0.0151,-0.0175,-0.0195,0.0438,0.0132
200510,-0.0218,-0.044,-0.0245,-0.1017,-0.0157,-0.031,0.0162,-0.0325,-0.0685,0.0132
200511,0.0116,0.0224,0.0532,0.0104,0.065,0.0256,0.04,0.0157,-0.0021,0.0498
200512,0.0013,-0.0067,0.0144,0.0046,-0.0186,-0.0158,-0.0061,0.024,0.0123,0.0012
200601,0.0023,0.0586,0.0508,0.1255,0.0408,0.0372,0.0198,0.0215,0.0302,0.0158
200602,0.0128,-0.0048,0.0115,-0.0813,-0.012,0.0331,0.0144,0.0107,0.0023,0.0107
200603,0.013,0.0271,0.03,0.0397,0.0295,0.0183,0.0241,-0.0096,-0.0362,0.0185
200604,0.0117,0.0031,0.0399,0.0467,-0.0105,0.0168,-0.0166,-0.0193,0.0185,0.0223
200605,0.0184,0.0069,-0.0333,-0.0339,-0.0695,-0.0026,-0.0193,-0.0218,0.0151,-0.0341
200606,-0.0003,0.0179,-0.0049,0.0282,-0.0123,0.0286,0.0027,-0.0014,0.024,-0.0033
200607,0.0349,-0.0296,-0.0367,0.0514,-0.0385,0.0249,-0.0429,0.0427,0.0488,-0.0113
200608,0.0309,0.0243,0.0203,-0.0319,0.073,0.0211,0.022,0.0229,0.0232,0.0164
200609,-0.0031,0.0426,0.0193,-0.0376,0.0358,0.034,0.0569,0.0167,-0.0211,0.0336
200610,0.0259,0.0499,0.0442,0.0522,0.0427,0.0529,0.0398,0.0166,0.0534,0.0285
200611,0.0144,0.018,0.0356,0.0856,0.03,0.0079,-0.0126,0.0005,0.0299,0.0168
200612,0.0198,-0.008,0.0051,-0.0203,-0.0103,0.0429,0.0147,0.0008,0.0067,0.0325
200701,0.0135,0.0283,0.0318,-0.0124,0.0211,0.0279,0.0365,0.035,0.004,0.0108
200702,-0.0179,-0.0048,0.008,-0.0214,-0.0247,-0.0264,-0.0059,-0.028,0.0419,-0.0227
200703,0.0247,-0.0103,0.0159,0.0591,0.0085,0.0233,0.0075,-0.0021,0.043,-0.0032
200704,0.0374,0.0612,0.0441,0.052,0.0489,0.0194,0.0227,0.0684,0.0394,0.0338
200705,0.0281,0.0315,0.0476,0.0705,0.0392,0.0713,0.0241,0.0112,0.0119,0.033
200706,-0.0086,0.0192,-0.0067,0.0087,0.0061,-0.0172,-0.0195,-0.034,-0.0479,-0.0273
200707,-0.0426,-0.0576,-0.0003,-0.011,-0.0104,-0.031,-0.0537,-0.0398,-0.0381,-0.0553
200708,0.0183,-0.0173,0.0072,0.003,0.029,-0.0087,0.014,0.0225,0.0201,0.0091
200709,0.0376,0.0176,0.0541,0.0782,0.0428,0.0212,-0.0071,0.0355,0.0351,0.0268
200710,0.022,0.0098,0.0103,0.0278,0.0708,-0.0213,0.0107,0.0155,0.0674,-0.0018
200711,0.0104,-0.0901,-0.0268,-0.0435,-0.0742,-0.0656,-0.0377,0.0003,-0.0058,-0.063
200712,-0.0111,-0.0226,0.0098,0.0764,0.0146,-0.0038,-0.0272,-0.0407,0.0093,-0.0365
200801,-0.0495,-0.0537,-0.0738,-0.091,-0.1253,-0.0781,-0.0043,-0.0455,-0.0694,-0.0195
200802,-0.0022,-0.0594,0.0073,0.0681,-0.0379,-0.0368,-0.0485,-0.0091,-0.0306,-0.0836
200803,0.0118,-0.0417,0,-0.0297,0.0055,-0.002,0.0188,-0.018,0.0084,-0.017
200804,-0.0138,0.0671,0.0499,0.107,0.068,0.0464,0.0517,0.0042,0.0631,0.0358
200805,0.0367,0.0128,0.0334,0.0417,0.0557,0.0486,0.0104,0.0163,0.0354,-0.0241
200806,-0.0737,-0.1956,-0.0928,0.027,-0.0887,-0.1095,-0.081,-0.03,-0.0052,-0.1487
200807,0.0191,-0.0016,-0.0023,-0.1557,-0.0087,-0.0295,0.0115,0.0677,-0.0714,0.0451
200808,0.0192,0.0184,0.0149,-0.0002,0.0242,0.039,0.0538,0.018,-0.0044,0.0034
200809,-0.0296,-0.0898,-0.133,-0.1199,-0.1253,-0.1277,-0.0577,-0.0595,-0.1197,-0.0683
200810,-0.122,-0.3293,-0.207,-0.1653,-0.1812,-0.1622,-0.1511,-0.1095,-0.1111,-0.2024
200811,-0.0673,-0.1031,-0.0782,0.0028,-0.1113,-0.0231,-0.0768,-0.0736,0.0123,-0.1216
200812,0.003,0.001,0.0138,-0.0237,0.0229,0.0356,0.0491,0.0674,-0.0206,0.0132
200901,-0.0363,-0.1381,-0.0917,-0.0354,-0.0313,-0.0996,-0.0762,-0.0219,-0.0082,-0.1831
200902,-0.0759,-0.1245,-0.135,-0.1245,-0.0499,-0.0705,-0.031,-0.0993,-0.1259,-0.1412
200903,0.0638,0.1176,0.0765,0.0394,0.1132,0.0763,0.0995,0.0704,0.0278,0.1303
200904,0.0479,0.4527,0.1733,0.0444,0.1228,0.1034,0.0955,-0.0095,0.0208,0.1659
200905,0.0675,-0.0347,0.0545,0.1031,0.031,0.0151,-0.009,0.0625,0.0464,0.0763
200906,0.0034,0.0428,-0.017,-0.0466,0.044,0.0153,-0.0033,0.0354,0.0464,-0.0198
200907,0.0744,0.1911,0.1125,0.0529,0.0812,0.0552,0.0676,0.0553,0.0439,0.0907
200908,0.0083,0.0288,0.029,0.0075,0.0233,0.0082,0.037,0.0219,0.0022,0.0799
200909,0.0432,0.0247,0.0651,0.0497,0.0527,0.0656,0.0238,0.024,0.0227,0.0322
200910,-0.0069,-0.0053,-0.0276,0.025,-0.0137,-0.0342,0.0006,-0.0369,-0.0269,-0.0525
200911,0.0382,0.0949,0.0756,0.0331,0.0495,0.0667,0.0504,0.0822,0.0454,0.0585
200912,0.0267,0.0532,0.0281,-0.006,0.0594,0.0626,0.0196,0.0246,0.0587,0.0127
201001,-0.0233,-0.0094,-0.0323,-0.0489,-0.0786,-0.067,-0.0185,-0.0001,-0.0449,-0.0165
201002,0.0272,0.0738,0.0523,0.0256,0.0477,0.0285,0.0429,0.0038,-0.0041,0.0342
201003,0.0598,0.0949,0.0651,0.0324,0.0669,0.076,0.0624,0.0361,0.0313,0.0842
201004,-0.0093,0.0749,0.0322,0.0405,0.022,0.0359,0.0256,-0.0222,0.0285,0.0216
201005,-0.0568,-0.0899,-0.0838,-0.1022,-0.0767,-0.0581,-0.0534,-0.0801,-0.0629,-0.0887
201006,-0.0194,-0.1051,-0.0574,-0.0629,-0.0619,-0.0398,-0.0903,-0.0164,-0.0069,-0.077
201007,0.0737,0.1572,0.096,0.0774,0.0746,0.0958,0.046,0.0215,0.068,0.0751
201008,-0.0125,-0.0965,-0.0545,-0.0345,-0.0647,-0.0213,-0.0398,-0.0166,0.0038,-0.0752
201009,0.062,0.135,0.1011,0.0927,0.1253,0.0795,0.1213,0.09,0.0365,0.0884
201010,0.0434,0.0849,0.0509,0.0453,0.0639,0.0452,0.0242,0.0202,0.0186,0.026
201011,0.0005,0.0749,0.0146,0.0546,-0.0083,-0.0188,0.0417,-0.0334,-0.0132,0.0048
201012,0.0437,0.0855,0.0694,0.0949,0.0604,0.0657,0.0325,0.054,0.0321,0.0975
201101,-0.0235,0.0029,0.0286,0.0685,0.0384,0.0004,-0.0088,-0.0071,0.0221,0.0192
201102,0.0486,-0.0175,0.0349,0.0763,0.0236,0.0748,0.0225,0.0333,0.0245,0.0263
201103,0.0305,0.0177,0.018,0.0217,-0.0151,0.016,0.0108,0.0229,0.0091,-0.0086
201104,0.0459,0.0224,0.0297,0.0156,0.0311,0.0335,0.0452,0.0637,0.0398,0.0111
201105,0.0192,-0.0354,-0.0215,-0.0453,-0.0171,0.009,0.0087,0.0196,0.0131,-0.024
201106,-0.0101,-0.0107,-0.0052,-0.0232,-0.0241,-0.0135,-0.0092,-0.0183,-0.0034,-0.0206
201107,-0.0043,-0.0893,-0.047,0.0048,-0.0026,-0.0487,-0.0067,-0.0365,-0.0035,-0.037
201108,-0.0068,-0.1202,-0.0609,-0.0994,-0.069,-0.0522,-0.0291,-0.0309,0.0016,-0.0754
201109,-0.0486,-0.141,-0.1103,-0.1216,-0.0488,-0.0579,-0.039,-0.0396,-0.0163,-0.1037
201110,0.0645,0.2324,0.1407,0.1611,0.1196,0.0757,0.098,0.0554,0.067,0.1321
201111,0.014,-0.0804,0.014,0.0216,-0.02,0.0029,0.0109,0.0127,0.01,-0.0161
201112,0.0188,-0.0118,-0.008,-0.0035,-0.0144,0.0318,0.0091,0.0353,0.0296,0.0114
201201,0.0044,0.1355,0.0674,0.0097,0.0818,0.0244,0.0406,0.0338,-0.0269,0.0676
201202,0.0397,0.0603,0.0383,0.0645,0.0662,0.0478,0.0315,0.0123,0.0126,0.0388
201203,0.0391,0.0091,0.007,-0.0322,0.0473,0.025,0.0465,0.0396,0.0145,0.0473
201204,0.0082,-0.0702,-0.0067,-0.0159,-0.0209,0.0173,0.0096,0.0061,0.0175,-0.0167
201205,-0.0265,-0.0815,-0.0779,-0.105,-0.0791,-0.0107,-0.0307,-0.0328,-0.0093,-0.0718
201206,0.0334,-0.0558,0.0122,0.0582,0.0284,0.0709,0.0213,0.068,0.0339,0.0485
201207,0.0137,0.0036,0.0089,0.0275,-0.0055,0.0407,0.0126,0.0165,0.0373,-0.0102
201208,0.0021,0.0413,0.0332,0.024,0.0452,0.0108,0.0274,0.0098,-0.0334,0.0277
201209,0.0088,0.036,0.0163,0.0378,0.0163,0.0481,0.0197,0.0467,0.0217,0.0384
201210,-0.0171,0.0596,-0.0066,-0.018,-0.0639,-0.0225,-0.0099,-0.0188,0.0105,0.007
201211,0.0326,0.0312,0.0264,-0.015,0.0189,0.0008,0.0146,0.015,-0.0368,-0.0009
201212,-0.0226,0.0731,0.0278,0.0131,0.0034,0.0117,-0.0112,-0.0053,0.0014,0.0351
201301,0.051,0.0351,0.0603,0.0732,0.0251,0.0491,0.0558,0.0808,0.0508,0.0692
201302,0.0321,0.0001,0.0129,0.0069,0.0057,0.0221,0.0086,0.0135,0.0216,0.0169
201303,0.0502,0.0402,0.0261,0.0209,0.0259,0.0573,0.0469,0.0652,0.0564,0.0405
201304,0.0382,0.0363,0.0084,-0.0135,0.005,0.0425,0.0267,0.0258,0.0505,0.0089
201305,-0.0229,0.0989,0.0338,0.0305,0.0427,-0.0172,0.0224,0.0161,-0.0699,0.0602
201306,0.0007,-0.0048,-0.02,-0.0238,-0.0279,0.0216,-0.0007,-0.0136,0.0079,-0.0121
201307,0.0292,0.0897,0.0598,0.0516,0.0594,0.0352,0.059,0.0787,0.0458,0.0544
201308,-0.0391,-0.0108,-0.0181,-0.0195,-0.0008,-0.0322,-0.0423,-0.0386,-0.0441,-0.0365
201309,0.0194,0.0642,0.0526,0.0192,0.0388,0.0417,0.045,0.04,0.0104,0.0376
201310,0.0475,0.0087,0.0449,0.0478,0.0389,0.0581,0.0509,0.0383,0.0334,0.0374
201311,0.013,0.0196,0.0289,0.0093,0.035,0.0025,0.0367,0.0444,-0.018,0.0454
201312,0.0241,0.0113,0.0303,0.0308,0.0412,0.0372,0.0028,0.0063,0.0179,0.0306
201401,-0.057,-0.0369,-0.0425,-0.0688,-0.0117,-0.038,-0.0645,0.0157,0.0249,-0.0444
201402,0.0346,0.0787,0.0541,0.0559,0.0521,0.0263,0.0534,0.0649,0.0307,0.0347
201403,0.0326,-0.0106,0.0033,0.0246,-0.0083,0.0017,-0.0058,-0.0254,0.0268,0.0233
201404,0.0142,0.0034,0.0093,0.0567,-0.0124,0.0039,-0.0094,-0.0029,0.0397,-0.0164
201405,0.0344,0.0069,0.0125,0.0086,0.0349,0.0384,0.0095,0.0189,0,0.0172
201406,0.0117,0.0439,0.0133,0.0406,0.0292,0.0168,0.0129,0.0285,0.0541,0.0213
201407,-0.0431,-0.046,-0.0406,-0.0353,0.0032,0.0067,-0.0229,-0.0026,-0.064,-0.0214
201408,0.0554,0.0519,0.048,0.0232,0.042,0.0044,0.0499,0.0549,0.0532,0.0444
201409,-0.0008,-0.0942,-0.0228,-0.0779,-0.0131,-0.0166,-0.0144,-0.0022,-0.0337,-0.0099
201410,0.0264,0.0379,0.0228,-0.0417,0.0132,0.0124,0.0307,0.0588,0.0669,0.0336
201411,0.0479,0.0475,0.0226,-0.0956,0.0427,0.0282,0.075,0.0251,0.0026,0.0272
201412,-0.0236,0.0058,-0.0018,0.0058,-0.0128,-0.0178,0.016,-0.0083,0.0189,0.0114
201501,-0.0055,-0.043,-0.0382,-0.0432,-0.034,-0.0475,-0.0028,0.0158,0.0122,-0.062
201502,0.0503,0.0813,0.0615,0.0471,0.0822,0.0889,0.0552,0.0423,-0.0439,0.069
201503,-0.0243,-0.0045,-0.02,-0.0254,-0.0244,-0.0218,0.0071,0.0073,-0.0032,-0.0075
201504,0.0081,-0.0098,-0.0067,0.0666,0.0142,0.0341,-0.0221,-0.0142,0.0028,0.005
201505,0.0153,0.0104,0.0095,-0.051,0.0193,0.0054,0.0093,0.0486,-0.0049,0.0174
201506,-0.0132,-0.0159,-0.0181,-0.0373,-0.0346,-0.0029,-0.0058,0.0016,-0.0536,-0.003
201507,0.0484,-0.021,-0.0202,-0.0881,0.0256,0.0144,0.0482,0.0352,0.0268,0.0206
201508,-0.0415,-0.0615,-0.0557,-0.037,-0.0585,-0.0834,-0.0533,-0.0834,-0.0402,-0.0614
201509,-0.006,-0.033,-0.0414,-0.0568,-0.0145,-0.0249,-0.0177,-0.0687,-0.0048,-0.0306
201510,0.0668,0.0682,0.0931,0.1214,0.1008,0.0907,0.0451,0.0754,0.021,0.0649
201511,-0.0093,0.0192,0.0043,0.0107,0.0121,-0.0197,0.0088,0.0049,-0.034,0.0119
201512,0.008,-0.0399,-0.0261,-0.0952,-0.026,-0.0307,0.003,0.0032,-0.0232,-0.0262
201601,0.0013,-0.126,-0.0566,-0.0438,-0.0606,0.0017,-0.0416,-0.0997,0.0466,-0.0829
201602,0.0064,0.0406,0.0338,-0.0288,-0.0094,0.0093,0.0008,-0.0095,0.0175,-0.0014
201603,0.0497,0.1078,0.0676,0.108,0.0832,0.0606,0.0571,0.0394,0.0786,0.0705
201604,0.0029,0.0151,0.0228,0.0911,-0.0398,0.0071,-0.0063,0.0494,-0.0084,0.0237
201605,0.0068,-0.0116,-0.0067,-0.0061,0.0502,0.003,0.0098,0.0239,0.0223,0.009
201606,0.0472,-0.0575,0.009,0.026,-0.0185,0.0355,0.0084,-0.0009,0.0741,-0.027
201607,-0.0007,0.0876,0.0403,-0.0276,0.0779,0.0237,0.0349,0.0612,-0.0019,0.0351
201608,-0.0063,0.0035,0.0148,0.0147,0.0181,-0.0359,-0.0144,-0.0312,-0.039,0.0337
201609,-0.0252,-0.0163,-0.002,0.0282,0.0235,0.0073,-0.0069,0.0056,0.0176,-0.0125
201610,-0.0014,-0.0357,-0.0261,-0.028,-0.0112,-0.0276,-0.0397,-0.0749,-0.0059,0.0068
201611,-0.0385,0.0762,0.0611,0.0935,0.005,0.0645,0.0444,0.024,-0.0282,0.1134
201612,0.0351,0.0387,0.005,0.021,0.0082,0.0477,-0.0042,0.0071,0.0364,0.0296
201701,0.0163,0.0274,0.034,-0.0436,0.0468,0.0287,0.0101,0.0202,0.0108,0.0093
201702,0.0369,0.0066,0.0416,-0.024,0.0495,0.0014,0.028,0.0697,0.0405,0.0371
201703,0.0091,0.0011,0.0011,-0.0119,0.0212,0.0105,0.008,0.0003,0.0032,-0.0169
201704,0.0052,0.0173,0.0185,-0.0266,0.0272,0.0002,0.0271,0.0091,0.0038,0.0023
201705,0.0312,-0.0051,0.013,-0.0328,0.0422,-0.0155,0.0163,-0.0025,0.0256,-0.0045
201706,-0.0103,0.0351,0.0128,-0.0008,-0.021,-0.0222,-0.019,0.0554,-0.0189,0.0422
201707,-0.0013,-0.0117,0.0218,0.0207,0.0374,0.0527,0.0012,0.007,0.0298,0.0149
201708,-0.0173,-0.001,0.0027,-0.0509,0.0308,-0.0264,-0.0167,0.0258,0.022,-0.0038
201709,-0.0033,0.0528,0.0417,0.1095,0.0065,-0.0167,0.0243,0.0205,-0.0197,0.0436
201710,0.0009,0.0125,0.028,0.0049,0.0688,-0.0568,0.0272,-0.0227,0.0307,0.0208
201711,0.0411,-0.0057,0.0358,0.0299,0.0098,0.0376,0.0804,0.0246,0.0242,0.0389
201712,0.0201,-0.0089,0.0229,0.0501,-0.0012,0.0447,0.0246,-0.0017,-0.0502,0.0147
201801,0.019,0.0261,0.0417,0.0286,0.0778,0.0313,0.0937,0.0637,-0.0283,0.0595
201802,-0.0622,-0.0604,-0.0397,-0.1074,-0.0005,-0.0713,-0.047,-0.0353,-0.0452,-0.0331
201803,-0.0105,-0.0561,-0.0216,0.0297,-0.0329,-0.026,-0.0252,-0.0242,0.032,-0.0269
201804,-0.0396,-0.0014,-0.0334,0.1001,-0.0005,-0.0238,0.0391,-0.0004,0.0277,0.0047
201805,-0.0051,0.0297,0.0256,0.0343,0.0682,-0.0084,0.0089,0.0229,0.0021,0.0122
201806,0.0452,0.0073,-0.0092,0.0055,-0.003,0.0643,0.0306,0.0149,0.0261,-0.0104
201807,0.028,-0.0156,0.0509,0.0112,0.0227,0.0269,0.0321,0.0599,0.0173,0.0397
201808,-0.0107,-0.0056,-0.0026,-0.0284,0.0729,0.0308,0.0805,0.044,0.0091,0.0246
201809,0.0071,-0.0379,0.0135,0.0335,-0.002,0.0164,0.0063,0.0214,-0.0055,-0.0121
201810,-0.0024,-0.0318,-0.099,-0.1187,-0.0879,-0.0034,-0.0875,-0.087,-0.0006,-0.0662
201811,0.0046,0.0517,0.046,-0.0217,-0.0155,0.0262,0.0247,0.0646,0.0327,0.0302
201812,-0.1123,-0.1143,-0.0868,-0.1302,-0.0809,-0.0877,-0.0906,-0.0818,-0.0475,-0.1062
201901,0.073,0.1073,0.0973,0.1032,0.0956,0.0556,0.082,0.0525,0.0541,0.0918
201902,0.0142,0.0397,0.0527,0.0246,0.0566,0.0326,0.0078,0.0323,0.0362,0.0271
201903,0.0368,-0.0529,-0.0081,0.0199,0.0374,0.0041,0.0337,0.0048,0.0332,-0.0132
201904,0.0319,0.0335,0.0405,0.0025,0.0596,0.0632,0.0459,-0.0313,0.0102,0.0666
201905,-0.0554,-0.1209,-0.0916,-0.1181,-0.0844,-0.0297,-0.0604,-0.0337,-0.0154,-0.063
201906,0.0493,0.1301,0.0813,0.0886,0.079,0.0496,0.0714,0.0684,0.0364,0.0672
201907,0.0173,0.0102,0.0088,-0.0267,0.0361,0.0191,0.0091,-0.0219,-0.0099,0.0164
201908,-0.0133,-0.0433,-0.0163,-0.0874,-0.0275,0.0043,0.0007,-0.0061,0.0344,-0.0447
201909,0.0185,0.0328,0.039,0.0371,0.0095,0.0144,0.0077,-0.0094,0.0392,0.0201
201910,-0.0002,0.073,-0.0011,-0.0207,0.0318,0.0225,0.0073,0.0473,-0.0142,0.0304
201911,0.0219,0.0274,0.0327,0.0121,0.0509,0.0191,0.0216,0.0553,-0.0215,0.0499
201912,0.0353,0.0507,0.0145,0.0618,0.037,0.0124,0.0137,0.0345,0.0413,0.024
202001,-0.0038,0.0589,-0.0295,-0.1187,0.0331,-0.0199,0.0093,-0.0201,0.0483,-0.0137
202002,-0.0873,-0.0729,-0.0859,-0.153,-0.0691,-0.0595,-0.068,-0.0539,-0.0985,-0.0984
202003,-0.1149,-0.2276,-0.1679,-0.3449,-0.0973,-0.1337,-0.076,-0.05,-0.1301,-0.1887
202004,0.0801,0.2586,0.1094,0.3238,0.1525,0.0956,0.1804,0.1341,0.0507,0.1054
202005,0.033,0.0722,0.0598,0.0052,0.0825,0.0478,0.0442,0.0405,0.0456,0.0388
202006,-0.0003,0.1431,0.0251,-0.004,0.0602,-0.0252,0.042,-0.0152,-0.0502,-0.0007
202007,0.0587,0.1843,0.0449,-0.048,0.0694,0.0507,0.0951,0.0443,0.0637,0.0383
202008,0.0445,0.4019,0.0633,-0.0107,0.105,0.0551,0.0816,0.0245,-0.0225,0.0721
202009,-0.0198,-0.0897,-0.0002,-0.149,-0.0511,-0.0212,-0.0387,-0.0148,-0.0027,-0.0297
202010,-0.0256,-0.0329,-0.0076,-0.0453,-0.0182,-0.0385,-0.0257,-0.0442,0.0449,-0.0189
202011,0.1002,0.3385,0.1386,0.2846,0.1083,0.1443,0.0838,0.0952,0.0263,0.1576
202012,0.05,0.1565,0.026,0.0616,0.0496,0.0529,0.0149,0.0476,0.0063,0.0531
202101,-0.0411,0.1145,-0.0249,0.0464,0.0056,-0.0342,0,0.0322,-0.004,-0.0285
202102,0.0135,-0.0793,0.0559,0.2331,0.0164,0.045,-0.0164,-0.0135,-0.046,0.0953
202103,0.0721,0.0059,0.0754,0.0227,0.0073,0.0159,0.0554,0.0013,0.1035,0.0562
202104,0.0336,0.0437,0.0254,0.0071,0.0655,0.0315,0.0706,0.0287,0.0398,0.0581
202105,0.0193,-0.0526,0.027,0.0613,-0.0087,-0.0083,-0.0221,0.0001,-0.0117,0.0294
202106,-0.0074,0.0566,-0.008,0.055,0.0694,-0.0012,0.0284,0.0428,-0.0142,-0.0246
202107,0.0018,-0.0098,0.014,-0.0861,0.0328,0.003,0.0023,0.0304,0.0298,-0.0038
202108,-0.003,0.0162,0.005,-0.0135,0.0469,0.0135,0.0236,0.0281,0.0323,0.0251
202109,-0.0458,0.0281,-0.0592,0.1049,-0.062,-0.0564,-0.043,-0.0599,-0.0484,-0.0232
202110,0.0378,0.303,0.051,0.104,0.0769,-0.0429,0.0501,0.0231,0.0511,0.0714
202111,-0.0386,0.0178,-0.0058,-0.054,0.008,-0.0725,0.0141,-0.0429,-0.0196,-0.0492
202112,0.0797,-0.0454,0.0579,0.0315,0.0172,0.039,0.0129,0.0672,0.0857,0.0496
202201,-0.0073,-0.1023,-0.0599,0.176,-0.0834,-0.0198,-0.09,-0.0866,-0.021,-0.0288
202202,-0.0051,-0.0719,-0.0137,0.0812,-0.052,0.0023,-0.0156,-0.0101,-0.0111,-0.0088
202203,0.004,0.1467,0.0074,0.0983,0.032,-0.0246,0.0291,0.0513,0.0968,0.0152
202204,0.022,-0.1697,-0.0529,-0.0112,-0.1265,-0.107,-0.0991,-0.068,-0.0371,-0.0895
202205,-0.0168,-0.0884,-0.0052,0.1539,-0.0215,0.0854,-0.0412,0.0099,0.0479,0.004
202206,-0.039,-0.1197,-0.0941,-0.1625,-0.0834,-0.0672,-0.0765,-0.0205,-0.0655,-0.1001
202207,0.0421,0.2747,0.0837,0.1049,0.1161,-0.004,0.1464,0.0275,0.0626,0.0876
202208,-0.0189,-0.0577,-0.0348,0.0332,-0.0518,-0.0301,-0.0312,-0.0507,0.0009,-0.0282
202209,-0.0832,-0.0668,-0.1151,-0.0912,-0.114,-0.1394,-0.0761,-0.0191,-0.1165,-0.0791
202210,0.0994,-0.0627,0.1222,0.236,0.0485,0.1094,0.043,0.0884,0.035,0.116
202211,0.0527,-0.0757,0.0902,0.0097,0.0524,0.0232,0.0386,0.0546,0.0682,0.06
202212,-0.0267,-0.2747,-0.0236,-0.0416,-0.0788,-0.0676,-0.0796,-0.0173,-0.0115,-0.0527
202301,-0.0028,0.2835,0.0595,0.0287,0.0981,0.1345,0.0974,-0.0102,-0.0126,0.0708
202302,-0.0214,0.1054,-0.0183,-0.0685,-0.0023,-0.0657,-0.0465,-0.043,-0.0529,-0.0237
